date,city,fajr_start,fajr_end,dhuhr_start,dhuhr_end,asr_start,asr_end,maghrib_start,maghrib_end,isha_start,isha_end,sunrise,fajr_namaz_end,zawal_start,zawal_end,tahajjud_start,tahajjud_end,sehri_start,sehri_end
2026-01-01,Kanpur,5:34 AM,6:57 AM,12:12 PM,3:08 PM,3:08 PM,5:28 PM,5:28 PM,5:33 PM,6:50 PM,5:35 AM,6:57 AM,6:47 AM,11:47 AM,12:07 PM,12:30 AM,5:14 AM,4:04 AM,5:34 AM
2026-01-02,Kanpur,5:35 AM,6:57 AM,12:13 PM,3:09 PM,3:09 PM,5:28 PM,5:28 PM,5:33 PM,6:51 PM,5:35 AM,6:57 AM,6:47 AM,11:48 AM,12:08 PM,12:30 AM,5:15 AM,4:05 AM,5:35 AM
2026-01-03,Kanpur,5:35 AM,6:57 AM,12:13 PM,3:09 PM,3:09 PM,5:29 PM,5:29 PM,5:34 PM,6:51 PM,5:35 AM,6:57 AM,6:47 AM,11:48 AM,12:08 PM,12:30 AM,5:15 AM,4:05 AM,5:35 AM
2026-01-04,Kanpur,5:35 AM,6:57 AM,12:14 PM,3:10 PM,3:10 PM,5:30 PM,5:30 PM,5:35 PM,6:52 PM,5:36 AM,6:57 AM,6:47 AM,11:49 AM,12:09 PM,12:30 AM,5:15 AM,4:05 AM,5:35 AM
2026-01-05,Kanpur,5:36 AM,6:58 AM,12:14 PM,3:10 PM,3:10 PM,5:30 PM,5:30 PM,5:35 PM,6:53 PM,5:36 AM,6:58 AM,6:48 AM,11:49 AM,12:09 PM,12:30 AM,5:16 AM,4:06 AM,5:36 AM
2026-01-06,Kanpur,5:36 AM,6:58 AM,12:14 PM,3:11 PM,3:11 PM,5:31 PM,5:31 PM,5:36 PM,6:53 PM,5:36 AM,6:58 AM,6:48 AM,11:49 AM,12:09 PM,12:30 AM,5:16 AM,4:06 AM,5:36 AM
2026-01-07,Kanpur,5:36 AM,6:58 AM,12:15 PM,3:12 PM,3:12 PM,5:32 PM,5:32 PM,5:37 PM,6:54 PM,5:36 AM,6:58 AM,6:48 AM,11:50 AM,12:10 PM,12:30 AM,5:16 AM,4:06 AM,5:36 AM
2026-01-08,Kanpur,5:36 AM,6:58 AM,12:15 PM,3:12 PM,3:12 PM,5:33 PM,5:33 PM,5:38 PM,6:54 PM,5:36 AM,6:58 AM,6:48 AM,11:50 AM,12:10 PM,12:30 AM,5:16 AM,4:06 AM,5:36 AM
2026-01-09,Kanpur,5:36 AM,6:58 AM,12:16 PM,3:13 PM,3:13 PM,5:33 PM,5:33 PM,5:38 PM,6:55 PM,5:37 AM,6:58 AM,6:48 AM,11:51 AM,12:11 PM,12:30 AM,5:16 AM,4:06 AM,5:36 AM
2026-01-10,Kanpur,5:37 AM,6:58 AM,12:16 PM,3:14 PM,3:14 PM,5:34 PM,5:34 PM,5:39 PM,6:56 PM,5:37 AM,6:58 AM,6:48 AM,11:51 AM,12:11 PM,12:30 AM,5:17 AM,4:07 AM,5:37 AM
2026-01-11,Kanpur,5:37 AM,6:58 AM,12:17 PM,3:14 PM,3:14 PM,5:35 PM,5:35 PM,5:40 PM,6:56 PM,5:37 AM,6:58 AM,6:48 AM,11:52 AM,12:12 PM,12:30 AM,5:17 AM,4:07 AM,5:37 AM
2026-01-12,Kanpur,5:37 AM,6:58 AM,12:17 PM,3:15 PM,3:15 PM,5:36 PM,5:36 PM,5:41 PM,6:57 PM,5:37 AM,6:58 AM,6:48 AM,11:52 AM,12:12 PM,12:30 AM,5:17 AM,4:07 AM,5:37 AM
2026-01-13,Kanpur,5:37 AM,6:58 AM,12:17 PM,3:16 PM,3:16 PM,5:36 PM,5:36 PM,5:41 PM,6:58 PM,5:37 AM,6:58 AM,6:48 AM,11:52 AM,12:12 PM,12:30 AM,5:17 AM,4:07 AM,5:37 AM
2026-01-14,Kanpur,5:37 AM,6:58 AM,12:18 PM,3:17 PM,3:17 PM,5:37 PM,5:37 PM,5:42 PM,6:58 PM,5:37 AM,6:58 AM,6:48 AM,11:53 AM,12:13 PM,12:30 AM,5:17 AM,4:07 AM,5:37 AM
2026-01-15,Kanpur,5:37 AM,6:58 AM,12:18 PM,3:17 PM,3:17 PM,5:38 PM,5:38 PM,5:43 PM,6:59 PM,5:37 AM,6:58 AM,6:48 AM,11:53 AM,12:13 PM,12:30 AM,5:17 AM,4:07 AM,5:37 AM
2026-01-16,Kanpur,5:37 AM,6:58 AM,12:18 PM,3:18 PM,3:18 PM,5:39 PM,5:39 PM,5:44 PM,7:00 PM,5:37 AM,6:58 AM,6:48 AM,11:53 AM,12:13 PM,12:30 AM,5:17 AM,4:07 AM,5:37 AM
2026-01-17,Kanpur,5:37 AM,6:58 AM,12:19 PM,3:19 PM,3:19 PM,5:40 PM,5:40 PM,5:45 PM,7:01 PM,5:37 AM,6:58 AM,6:48 AM,11:54 AM,12:14 PM,12:30 AM,5:17 AM,4:07 AM,5:37 AM
2026-01-18,Kanpur,5:37 AM,6:58 AM,12:19 PM,3:19 PM,3:19 PM,5:40 PM,5:40 PM,5:45 PM,7:01 PM,5:37 AM,6:58 AM,6:48 AM,11:54 AM,12:14 PM,12:30 AM,5:17 AM,4:07 AM,5:37 AM
2026-01-19,Kanpur,5:37 AM,6:58 AM,12:19 PM,3:20 PM,3:20 PM,5:41 PM,5:41 PM,5:46 PM,7:02 PM,5:37 AM,6:58 AM,6:48 AM,11:54 AM,12:14 PM,12:30 AM,5:17 AM,4:07 AM,5:37 AM
2026-01-20,Kanpur,5:37 AM,6:58 AM,12:20 PM,3:21 PM,3:21 PM,5:42 PM,5:42 PM,5:47 PM,7:03 PM,5:37 AM,6:58 AM,6:48 AM,11:55 AM,12:15 PM,12:30 AM,5:17 AM,4:07 AM,5:37 AM
2026-01-21,Kanpur,5:37 AM,6:57 AM,12:20 PM,3:21 PM,3:21 PM,5:43 PM,5:43 PM,5:48 PM,7:03 PM,5:37 AM,6:57 AM,6:47 AM,11:55 AM,12:15 PM,12:30 AM,5:17 AM,4:07 AM,5:37 AM
2026-01-22,Kanpur,5:37 AM,6:57 AM,12:20 PM,3:22 PM,3:22 PM,5:43 PM,5:43 PM,5:48 PM,7:04 PM,5:37 AM,6:57 AM,6:47 AM,11:55 AM,12:15 PM,12:30 AM,5:17 AM,4:07 AM,5:37 AM
2026-01-23,Kanpur,5:37 AM,6:57 AM,12:20 PM,3:23 PM,3:23 PM,5:44 PM,5:44 PM,5:49 PM,7:05 PM,5:36 AM,6:57 AM,6:47 AM,11:55 AM,12:15 PM,12:30 AM,5:17 AM,4:07 AM,5:37 AM
2026-01-24,Kanpur,5:36 AM,6:57 AM,12:21 PM,3:23 PM,3:23 PM,5:45 PM,5:45 PM,5:50 PM,7:05 PM,5:36 AM,6:57 AM,6:47 AM,11:56 AM,12:16 PM,12:30 AM,5:16 AM,4:06 AM,5:36 AM
2026-01-25,Kanpur,5:36 AM,6:56 AM,12:21 PM,3:24 PM,3:24 PM,5:46 PM,5:46 PM,5:51 PM,7:06 PM,5:36 AM,6:56 AM,6:46 AM,11:56 AM,12:16 PM,12:30 AM,5:16 AM,4:06 AM,5:36 AM
2026-01-26,Kanpur,5:36 AM,6:56 AM,12:21 PM,3:25 PM,3:25 PM,5:47 PM,5:47 PM,5:52 PM,7:07 PM,5:36 AM,6:56 AM,6:46 AM,11:56 AM,12:16 PM,12:30 AM,5:16 AM,4:06 AM,5:36 AM
2026-01-27,Kanpur,5:36 AM,6:56 AM,12:21 PM,3:25 PM,3:25 PM,5:47 PM,5:47 PM,5:52 PM,7:07 PM,5:35 AM,6:56 AM,6:46 AM,11:56 AM,12:16 PM,12:30 AM,5:16 AM,4:06 AM,5:36 AM
2026-01-28,Kanpur,5:35 AM,6:55 AM,12:22 PM,3:26 PM,3:26 PM,5:48 PM,5:48 PM,5:53 PM,7:08 PM,5:35 AM,6:55 AM,6:45 AM,11:57 AM,12:17 PM,12:30 AM,5:15 AM,4:05 AM,5:35 AM
2026-01-29,Kanpur,5:35 AM,6:55 AM,12:22 PM,3:26 PM,3:26 PM,5:49 PM,5:49 PM,5:54 PM,7:09 PM,5:35 AM,6:55 AM,6:45 AM,11:57 AM,12:17 PM,12:30 AM,5:15 AM,4:05 AM,5:35 AM
2026-01-30,Kanpur,5:35 AM,6:54 AM,12:22 PM,3:27 PM,3:27 PM,5:50 PM,5:50 PM,5:55 PM,7:09 PM,5:35 AM,6:54 AM,6:44 AM,11:57 AM,12:17 PM,12:30 AM,5:15 AM,4:05 AM,5:35 AM
2026-01-31,Kanpur,5:35 AM,6:54 AM,12:22 PM,3:28 PM,3:28 PM,5:50 PM,5:50 PM,5:55 PM,7:10 PM,5:34 AM,6:54 AM,6:44 AM,11:57 AM,12:17 PM,12:30 AM,5:15 AM,4:05 AM,5:35 AM
2026-02-01,Kanpur,5:34 AM,6:54 AM,12:22 PM,3:28 PM,3:28 PM,5:51 PM,5:51 PM,5:56 PM,7:10 PM,5:34 AM,6:54 AM,6:44 AM,11:57 AM,12:17 PM,12:30 AM,5:14 AM,4:04 AM,5:34 AM
2026-02-02,Kanpur,5:34 AM,6:53 AM,12:22 PM,3:29 PM,3:29 PM,5:52 PM,5:52 PM,5:57 PM,7:11 PM,5:33 AM,6:53 AM,6:43 AM,11:57 AM,12:17 PM,12:30 AM,5:14 AM,4:04 AM,5:34 AM
2026-02-03,Kanpur,5:33 AM,6:53 AM,12:22 PM,3:29 PM,3:29 PM,5:53 PM,5:53 PM,5:58 PM,7:12 PM,5:33 AM,6:53 AM,6:43 AM,11:57 AM,12:17 PM,12:30 AM,5:13 AM,4:03 AM,5:33 AM
2026-02-04,Kanpur,5:33 AM,6:52 AM,12:23 PM,3:30 PM,3:30 PM,5:53 PM,5:53 PM,5:58 PM,7:12 PM,5:33 AM,6:52 AM,6:42 AM,11:58 AM,12:18 PM,12:30 AM,5:13 AM,4:03 AM,5:33 AM
2026-02-05,Kanpur,5:33 AM,6:51 AM,12:23 PM,3:31 PM,3:31 PM,5:54 PM,5:54 PM,5:59 PM,7:13 PM,5:32 AM,6:51 AM,6:41 AM,11:58 AM,12:18 PM,12:30 AM,5:13 AM,4:03 AM,5:33 AM
2026-02-06,Kanpur,5:32 AM,6:51 AM,12:23 PM,3:31 PM,3:31 PM,5:55 PM,5:55 PM,6:00 PM,7:14 PM,5:32 AM,6:51 AM,6:41 AM,11:58 AM,12:18 PM,12:30 AM,5:12 AM,4:02 AM,5:32 AM
2026-02-07,Kanpur,5:32 AM,6:50 AM,12:23 PM,3:32 PM,3:32 PM,5:56 PM,5:56 PM,6:01 PM,7:14 PM,5:31 AM,6:50 AM,6:40 AM,11:58 AM,12:18 PM,12:30 AM,5:12 AM,4:02 AM,5:32 AM
2026-02-08,Kanpur,5:31 AM,6:50 AM,12:23 PM,3:32 PM,3:32 PM,5:56 PM,5:56 PM,6:01 PM,7:15 PM,5:31 AM,6:50 AM,6:40 AM,11:58 AM,12:18 PM,12:30 AM,5:11 AM,4:01 AM,5:31 AM
2026-02-09,Kanpur,5:31 AM,6:49 AM,12:23 PM,3:33 PM,3:33 PM,5:57 PM,5:57 PM,6:02 PM,7:15 PM,5:30 AM,6:49 AM,6:39 AM,11:58 AM,12:18 PM,12:30 AM,5:11 AM,4:01 AM,5:31 AM
2026-02-10,Kanpur,5:30 AM,6:48 AM,12:23 PM,3:33 PM,3:33 PM,5:58 PM,5:58 PM,6:03 PM,7:16 PM,5:29 AM,6:48 AM,6:38 AM,11:58 AM,12:18 PM,12:30 AM,5:10 AM,4:00 AM,5:30 AM
2026-02-11,Kanpur,5:29 AM,6:48 AM,12:23 PM,3:34 PM,3:34 PM,5:58 PM,5:58 PM,6:03 PM,7:17 PM,5:29 AM,6:48 AM,6:38 AM,11:58 AM,12:18 PM,12:30 AM,5:09 AM,3:59 AM,5:29 AM
2026-02-12,Kanpur,5:29 AM,6:47 AM,12:23 PM,3:34 PM,3:34 PM,5:59 PM,5:59 PM,6:04 PM,7:17 PM,5:28 AM,6:47 AM,6:37 AM,11:58 AM,12:18 PM,12:30 AM,5:09 AM,3:59 AM,5:29 AM
2026-02-13,Kanpur,5:28 AM,6:46 AM,12:23 PM,3:35 PM,3:35 PM,6:00 PM,6:00 PM,6:05 PM,7:18 PM,5:28 AM,6:46 AM,6:36 AM,11:58 AM,12:18 PM,12:30 AM,5:08 AM,3:58 AM,5:28 AM
2026-02-14,Kanpur,5:28 AM,6:46 AM,12:23 PM,3:35 PM,3:35 PM,6:00 PM,6:00 PM,6:05 PM,7:18 PM,5:27 AM,6:46 AM,6:36 AM,11:58 AM,12:18 PM,12:30 AM,5:08 AM,3:58 AM,5:28 AM
2026-02-15,Kanpur,5:27 AM,6:45 AM,12:23 PM,3:35 PM,3:35 PM,6:01 PM,6:01 PM,6:06 PM,7:19 PM,5:26 AM,6:45 AM,6:35 AM,11:58 AM,12:18 PM,12:30 AM,5:07 AM,3:57 AM,5:27 AM
2026-02-16,Kanpur,5:26 AM,6:44 AM,12:23 PM,3:36 PM,3:36 PM,6:02 PM,6:02 PM,6:07 PM,7:20 PM,5:26 AM,6:44 AM,6:34 AM,11:58 AM,12:18 PM,12:30 AM,5:06 AM,3:56 AM,5:26 AM
2026-02-17,Kanpur,5:26 AM,6:43 AM,12:23 PM,3:36 PM,3:36 PM,6:02 PM,6:02 PM,6:07 PM,7:20 PM,5:25 AM,6:43 AM,6:33 AM,11:58 AM,12:18 PM,12:30 AM,5:06 AM,3:56 AM,5:26 AM
2026-02-18,Kanpur,5:25 AM,6:42 AM,12:23 PM,3:37 PM,3:37 PM,6:03 PM,6:03 PM,6:08 PM,7:21 PM,5:24 AM,6:42 AM,6:32 AM,11:58 AM,12:18 PM,12:30 AM,5:05 AM,3:55 AM,5:25 AM
2026-02-19,Kanpur,5:24 AM,6:42 AM,12:22 PM,3:37 PM,3:37 PM,6:04 PM,6:04 PM,6:09 PM,7:21 PM,5:23 AM,6:42 AM,6:32 AM,11:57 AM,12:17 PM,12:30 AM,5:04 AM,3:54 AM,5:24 AM
2026-02-20,Kanpur,5:23 AM,6:41 AM,12:22 PM,3:37 PM,3:37 PM,6:04 PM,6:04 PM,6:09 PM,7:22 PM,5:23 AM,6:41 AM,6:31 AM,11:57 AM,12:17 PM,12:30 AM,5:03 AM,3:53 AM,5:23 AM
2026-02-21,Kanpur,5:23 AM,6:40 AM,12:22 PM,3:38 PM,3:38 PM,6:05 PM,6:05 PM,6:10 PM,7:22 PM,5:22 AM,6:40 AM,6:30 AM,11:57 AM,12:17 PM,12:30 AM,5:03 AM,3:53 AM,5:23 AM
2026-02-22,Kanpur,5:22 AM,6:39 AM,12:22 PM,3:38 PM,3:38 PM,6:06 PM,6:06 PM,6:11 PM,7:23 PM,5:21 AM,6:39 AM,6:29 AM,11:57 AM,12:17 PM,12:30 AM,5:02 AM,3:52 AM,5:22 AM
2026-02-23,Kanpur,5:21 AM,6:38 AM,12:22 PM,3:38 PM,3:38 PM,6:06 PM,6:06 PM,6:11 PM,7:23 PM,5:20 AM,6:38 AM,6:28 AM,11:57 AM,12:17 PM,12:30 AM,5:01 AM,3:51 AM,5:21 AM
2026-02-24,Kanpur,5:20 AM,6:37 AM,12:22 PM,3:39 PM,3:39 PM,6:07 PM,6:07 PM,6:12 PM,7:24 PM,5:19 AM,6:37 AM,6:27 AM,11:57 AM,12:17 PM,12:30 AM,5:00 AM,3:50 AM,5:20 AM
2026-02-25,Kanpur,5:19 AM,6:36 AM,12:22 PM,3:39 PM,3:39 PM,6:07 PM,6:07 PM,6:12 PM,7:25 PM,5:18 AM,6:36 AM,6:26 AM,11:57 AM,12:17 PM,12:30 AM,4:59 AM,3:49 AM,5:19 AM
2026-02-26,Kanpur,5:18 AM,6:35 AM,12:22 PM,3:39 PM,3:39 PM,6:08 PM,6:08 PM,6:13 PM,7:25 PM,5:18 AM,6:35 AM,6:25 AM,11:57 AM,12:17 PM,12:30 AM,4:58 AM,3:48 AM,5:18 AM
2026-02-27,Kanpur,5:18 AM,6:35 AM,12:21 PM,3:40 PM,3:40 PM,6:09 PM,6:09 PM,6:14 PM,7:26 PM,5:17 AM,6:35 AM,6:25 AM,11:56 AM,12:16 PM,12:30 AM,4:58 AM,3:48 AM,5:18 AM
2026-02-28,Kanpur,5:17 AM,6:34 AM,12:21 PM,3:40 PM,3:40 PM,6:09 PM,6:09 PM,6:14 PM,7:26 PM,5:16 AM,6:34 AM,6:24 AM,11:56 AM,12:16 PM,12:30 AM,4:57 AM,3:47 AM,5:17 AM
2026-03-01,Kanpur,5:16 AM,6:33 AM,12:21 PM,3:40 PM,3:40 PM,6:10 PM,6:10 PM,6:15 PM,7:27 PM,5:15 AM,6:33 AM,6:23 AM,11:56 AM,12:16 PM,12:30 AM,4:56 AM,3:46 AM,5:16 AM
2026-03-02,Kanpur,5:15 AM,6:32 AM,12:21 PM,3:40 PM,3:40 PM,6:10 PM,6:10 PM,6:15 PM,7:27 PM,5:14 AM,6:32 AM,6:22 AM,11:56 AM,12:16 PM,12:30 AM,4:55 AM,3:45 AM,5:15 AM
2026-03-03,Kanpur,5:14 AM,6:31 AM,12:21 PM,3:40 PM,3:40 PM,6:11 PM,6:11 PM,6:16 PM,7:28 PM,5:13 AM,6:31 AM,6:21 AM,11:56 AM,12:16 PM,12:30 AM,4:54 AM,3:44 AM,5:14 AM
2026-03-04,Kanpur,5:13 AM,6:30 AM,12:20 PM,3:41 PM,3:41 PM,6:11 PM,6:11 PM,6:16 PM,7:28 PM,5:12 AM,6:30 AM,6:20 AM,11:55 AM,12:15 PM,12:30 AM,4:53 AM,3:43 AM,5:13 AM
2026-03-05,Kanpur,5:12 AM,6:29 AM,12:20 PM,3:41 PM,3:41 PM,6:12 PM,6:12 PM,6:17 PM,7:29 PM,5:11 AM,6:29 AM,6:19 AM,11:55 AM,12:15 PM,12:30 AM,4:52 AM,3:42 AM,5:12 AM
2026-03-06,Kanpur,5:11 AM,6:28 AM,12:20 PM,3:41 PM,3:41 PM,6:13 PM,6:13 PM,6:18 PM,7:29 PM,5:10 AM,6:28 AM,6:18 AM,11:55 AM,12:15 PM,12:30 AM,4:51 AM,3:41 AM,5:11 AM
2026-03-07,Kanpur,5:10 AM,6:27 AM,12:20 PM,3:41 PM,3:41 PM,6:13 PM,6:13 PM,6:18 PM,7:30 PM,5:09 AM,6:27 AM,6:17 AM,11:55 AM,12:15 PM,12:30 AM,4:50 AM,3:40 AM,5:10 AM
2026-03-08,Kanpur,5:09 AM,6:26 AM,12:19 PM,3:41 PM,3:41 PM,6:14 PM,6:14 PM,6:19 PM,7:30 PM,5:08 AM,6:26 AM,6:16 AM,11:54 AM,12:14 PM,12:30 AM,4:49 AM,3:39 AM,5:09 AM
2026-03-09,Kanpur,5:08 AM,6:25 AM,12:19 PM,3:41 PM,3:41 PM,6:14 PM,6:14 PM,6:19 PM,7:31 PM,5:07 AM,6:25 AM,6:15 AM,11:54 AM,12:14 PM,12:30 AM,4:48 AM,3:38 AM,5:08 AM
2026-03-10,Kanpur,5:07 AM,6:24 AM,12:19 PM,3:42 PM,3:42 PM,6:15 PM,6:15 PM,6:20 PM,7:31 PM,5:06 AM,6:24 AM,6:14 AM,11:54 AM,12:14 PM,12:30 AM,4:47 AM,3:37 AM,5:07 AM
2026-03-11,Kanpur,5:06 AM,6:23 AM,12:19 PM,3:42 PM,3:42 PM,6:15 PM,6:15 PM,6:20 PM,7:32 PM,5:05 AM,6:23 AM,6:13 AM,11:54 AM,12:14 PM,12:30 AM,4:46 AM,3:36 AM,5:06 AM
2026-03-12,Kanpur,5:05 AM,6:22 AM,12:18 PM,3:42 PM,3:42 PM,6:16 PM,6:16 PM,6:21 PM,7:33 PM,5:04 AM,6:22 AM,6:12 AM,11:53 AM,12:13 PM,12:30 AM,4:45 AM,3:35 AM,5:05 AM
2026-03-13,Kanpur,5:04 AM,6:21 AM,12:18 PM,3:42 PM,3:42 PM,6:16 PM,6:16 PM,6:21 PM,7:33 PM,5:03 AM,6:21 AM,6:11 AM,11:53 AM,12:13 PM,12:30 AM,4:44 AM,3:34 AM,5:04 AM
2026-03-14,Kanpur,5:03 AM,6:19 AM,12:18 PM,3:42 PM,3:42 PM,6:17 PM,6:17 PM,6:22 PM,7:34 PM,5:02 AM,6:19 AM,6:09 AM,11:53 AM,12:13 PM,12:30 AM,4:43 AM,3:33 AM,5:03 AM
2026-03-15,Kanpur,5:02 AM,6:18 AM,12:18 PM,3:42 PM,3:42 PM,6:17 PM,6:17 PM,6:22 PM,7:34 PM,5:01 AM,6:18 AM,6:08 AM,11:53 AM,12:13 PM,12:30 AM,4:42 AM,3:32 AM,5:02 AM
2026-03-16,Kanpur,5:01 AM,6:17 AM,12:17 PM,3:42 PM,3:42 PM,6:18 PM,6:18 PM,6:23 PM,7:35 PM,4:59 AM,6:17 AM,6:07 AM,11:52 AM,12:12 PM,12:30 AM,4:41 AM,3:31 AM,5:01 AM
2026-03-17,Kanpur,4:59 AM,6:16 AM,12:17 PM,3:42 PM,3:42 PM,6:18 PM,6:18 PM,6:23 PM,7:35 PM,4:58 AM,6:16 AM,6:06 AM,11:52 AM,12:12 PM,12:30 AM,4:39 AM,3:29 AM,4:59 AM
2026-03-18,Kanpur,4:58 AM,6:15 AM,12:17 PM,3:42 PM,3:42 PM,6:19 PM,6:19 PM,6:24 PM,7:36 PM,4:57 AM,6:15 AM,6:05 AM,11:52 AM,12:12 PM,12:30 AM,4:38 AM,3:28 AM,4:58 AM
2026-03-19,Kanpur,4:57 AM,6:14 AM,12:16 PM,3:42 PM,3:42 PM,6:19 PM,6:19 PM,6:24 PM,7:36 PM,4:56 AM,6:14 AM,6:04 AM,11:51 AM,12:11 PM,12:30 AM,4:37 AM,3:27 AM,4:57 AM
2026-03-20,Kanpur,4:56 AM,6:13 AM,12:16 PM,3:42 PM,3:42 PM,6:20 PM,6:20 PM,6:25 PM,7:37 PM,4:55 AM,6:13 AM,6:03 AM,11:51 AM,12:11 PM,12:30 AM,4:36 AM,3:26 AM,4:56 AM
2026-03-21,Kanpur,4:55 AM,6:12 AM,12:16 PM,3:42 PM,3:42 PM,6:20 PM,6:20 PM,6:25 PM,7:37 PM,4:54 AM,6:12 AM,6:02 AM,11:51 AM,12:11 PM,12:30 AM,4:35 AM,3:25 AM,4:55 AM
2026-03-22,Kanpur,4:54 AM,6:11 AM,12:16 PM,3:42 PM,3:42 PM,6:21 PM,6:21 PM,6:26 PM,7:38 PM,4:53 AM,6:11 AM,6:01 AM,11:51 AM,12:11 PM,12:30 AM,4:34 AM,3:24 AM,4:54 AM
2026-03-23,Kanpur,4:53 AM,6:10 AM,12:15 PM,3:42 PM,3:42 PM,6:21 PM,6:21 PM,6:26 PM,7:38 PM,4:51 AM,6:10 AM,6:00 AM,11:50 AM,12:10 PM,12:30 AM,4:33 AM,3:23 AM,4:53 AM
2026-03-24,Kanpur,4:51 AM,6:09 AM,12:15 PM,3:42 PM,3:42 PM,6:22 PM,6:22 PM,6:27 PM,7:39 PM,4:50 AM,6:09 AM,5:59 AM,11:50 AM,12:10 PM,12:30 AM,4:31 AM,3:21 AM,4:51 AM
2026-03-25,Kanpur,4:50 AM,6:08 AM,12:15 PM,3:42 PM,3:42 PM,6:22 PM,6:22 PM,6:27 PM,7:40 PM,4:49 AM,6:08 AM,5:58 AM,11:50 AM,12:10 PM,12:30 AM,4:30 AM,3:20 AM,4:50 AM
2026-03-26,Kanpur,4:49 AM,6:07 AM,12:14 PM,3:42 PM,3:42 PM,6:23 PM,6:23 PM,6:28 PM,7:40 PM,4:48 AM,6:07 AM,5:57 AM,11:49 AM,12:09 PM,12:30 AM,4:29 AM,3:19 AM,4:49 AM
2026-03-27,Kanpur,4:48 AM,6:05 AM,12:14 PM,3:42 PM,3:42 PM,6:23 PM,6:23 PM,6:28 PM,7:41 PM,4:47 AM,6:05 AM,5:55 AM,11:49 AM,12:09 PM,12:30 AM,4:28 AM,3:18 AM,4:48 AM
2026-03-28,Kanpur,4:47 AM,6:04 AM,12:14 PM,3:42 PM,3:42 PM,6:24 PM,6:24 PM,6:29 PM,7:41 PM,4:46 AM,6:04 AM,5:54 AM,11:49 AM,12:09 PM,12:30 AM,4:27 AM,3:17 AM,4:47 AM
2026-03-29,Kanpur,4:46 AM,6:03 AM,12:14 PM,3:42 PM,3:42 PM,6:24 PM,6:24 PM,6:29 PM,7:42 PM,4:44 AM,6:03 AM,5:53 AM,11:49 AM,12:09 PM,12:30 AM,4:26 AM,3:16 AM,4:46 AM
2026-03-30,Kanpur,4:44 AM,6:02 AM,12:13 PM,3:41 PM,3:41 PM,6:25 PM,6:25 PM,6:30 PM,7:42 PM,4:43 AM,6:02 AM,5:52 AM,11:48 AM,12:08 PM,12:30 AM,4:24 AM,3:14 AM,4:44 AM
2026-03-31,Kanpur,4:43 AM,6:01 AM,12:13 PM,3:41 PM,3:41 PM,6:25 PM,6:25 PM,6:30 PM,7:43 PM,4:42 AM,6:01 AM,5:51 AM,11:48 AM,12:08 PM,12:30 AM,4:23 AM,3:13 AM,4:43 AM
2026-04-01,Kanpur,4:42 AM,6:00 AM,12:13 PM,3:41 PM,3:41 PM,6:26 PM,6:26 PM,6:31 PM,7:44 PM,4:41 AM,6:00 AM,5:50 AM,11:48 AM,12:08 PM,12:30 AM,4:22 AM,3:12 AM,4:42 AM
2026-04-02,Kanpur,4:41 AM,5:59 AM,12:12 PM,3:41 PM,3:41 PM,6:26 PM,6:26 PM,6:31 PM,7:44 PM,4:40 AM,5:59 AM,5:49 AM,11:47 AM,12:07 PM,12:30 AM,4:21 AM,3:11 AM,4:41 AM
2026-04-03,Kanpur,4:40 AM,5:58 AM,12:12 PM,3:41 PM,3:41 PM,6:27 PM,6:27 PM,6:32 PM,7:45 PM,4:39 AM,5:58 AM,5:48 AM,11:47 AM,12:07 PM,12:30 AM,4:20 AM,3:10 AM,4:40 AM
2026-04-04,Kanpur,4:39 AM,5:57 AM,12:12 PM,3:41 PM,3:41 PM,6:27 PM,6:27 PM,6:32 PM,7:45 PM,4:37 AM,5:57 AM,5:47 AM,11:47 AM,12:07 PM,12:30 AM,4:19 AM,3:09 AM,4:39 AM
2026-04-05,Kanpur,4:37 AM,5:56 AM,12:11 PM,3:41 PM,3:41 PM,6:27 PM,6:27 PM,6:32 PM,7:46 PM,4:36 AM,5:56 AM,5:46 AM,11:46 AM,12:06 PM,12:30 AM,4:17 AM,3:07 AM,4:37 AM
2026-04-06,Kanpur,4:36 AM,5:55 AM,12:11 PM,3:41 PM,3:41 PM,6:28 PM,6:28 PM,6:33 PM,7:47 PM,4:35 AM,5:55 AM,5:45 AM,11:46 AM,12:06 PM,12:30 AM,4:16 AM,3:06 AM,4:36 AM
2026-04-07,Kanpur,4:35 AM,5:54 AM,12:11 PM,3:40 PM,3:40 PM,6:28 PM,6:28 PM,6:33 PM,7:47 PM,4:34 AM,5:54 AM,5:44 AM,11:46 AM,12:06 PM,12:30 AM,4:15 AM,3:05 AM,4:35 AM
2026-04-08,Kanpur,4:34 AM,5:53 AM,12:11 PM,3:40 PM,3:40 PM,6:29 PM,6:29 PM,6:34 PM,7:48 PM,4:33 AM,5:53 AM,5:43 AM,11:46 AM,12:06 PM,12:30 AM,4:14 AM,3:04 AM,4:34 AM
2026-04-09,Kanpur,4:33 AM,5:52 AM,12:10 PM,3:40 PM,3:40 PM,6:29 PM,6:29 PM,6:34 PM,7:48 PM,4:32 AM,5:52 AM,5:42 AM,11:45 AM,12:05 PM,12:30 AM,4:13 AM,3:03 AM,4:33 AM
2026-04-10,Kanpur,4:32 AM,5:51 AM,12:10 PM,3:40 PM,3:40 PM,6:30 PM,6:30 PM,6:35 PM,7:49 PM,4:30 AM,5:51 AM,5:41 AM,11:45 AM,12:05 PM,12:30 AM,4:12 AM,3:02 AM,4:32 AM
2026-04-11,Kanpur,4:30 AM,5:50 AM,12:10 PM,3:40 PM,3:40 PM,6:30 PM,6:30 PM,6:35 PM,7:50 PM,4:29 AM,5:50 AM,5:40 AM,11:45 AM,12:05 PM,12:30 AM,4:10 AM,3:00 AM,4:30 AM
2026-04-12,Kanpur,4:29 AM,5:49 AM,12:10 PM,3:40 PM,3:40 PM,6:31 PM,6:31 PM,6:36 PM,7:50 PM,4:28 AM,5:49 AM,5:39 AM,11:45 AM,12:05 PM,12:30 AM,4:09 AM,2:59 AM,4:29 AM
2026-04-13,Kanpur,4:28 AM,5:48 AM,12:09 PM,3:39 PM,3:39 PM,6:31 PM,6:31 PM,6:36 PM,7:51 PM,4:27 AM,5:48 AM,5:38 AM,11:44 AM,12:04 PM,12:30 AM,4:08 AM,2:58 AM,4:28 AM
2026-04-14,Kanpur,4:27 AM,5:47 AM,12:09 PM,3:39 PM,3:39 PM,6:32 PM,6:32 PM,6:37 PM,7:52 PM,4:26 AM,5:47 AM,5:37 AM,11:44 AM,12:04 PM,12:30 AM,4:07 AM,2:57 AM,4:27 AM
2026-04-15,Kanpur,4:26 AM,5:46 AM,12:09 PM,3:39 PM,3:39 PM,6:32 PM,6:32 PM,6:37 PM,7:52 PM,4:25 AM,5:46 AM,5:36 AM,11:44 AM,12:04 PM,12:30 AM,4:06 AM,2:56 AM,4:26 AM
2026-04-16,Kanpur,4:25 AM,5:45 AM,12:09 PM,3:39 PM,3:39 PM,6:33 PM,6:33 PM,6:38 PM,7:53 PM,4:23 AM,5:45 AM,5:35 AM,11:44 AM,12:04 PM,12:30 AM,4:05 AM,2:55 AM,4:25 AM
2026-04-17,Kanpur,4:23 AM,5:44 AM,12:08 PM,3:39 PM,3:39 PM,6:33 PM,6:33 PM,6:38 PM,7:54 PM,4:22 AM,5:44 AM,5:34 AM,11:43 AM,12:03 PM,12:30 AM,4:03 AM,2:53 AM,4:23 AM
2026-04-18,Kanpur,4:22 AM,5:43 AM,12:08 PM,3:38 PM,3:38 PM,6:34 PM,6:34 PM,6:39 PM,7:54 PM,4:21 AM,5:43 AM,5:33 AM,11:43 AM,12:03 PM,12:30 AM,4:02 AM,2:52 AM,4:22 AM
2026-04-19,Kanpur,4:21 AM,5:42 AM,12:08 PM,3:38 PM,3:38 PM,6:34 PM,6:34 PM,6:39 PM,7:55 PM,4:20 AM,5:42 AM,5:32 AM,11:43 AM,12:03 PM,12:30 AM,4:01 AM,2:51 AM,4:21 AM
2026-04-20,Kanpur,4:20 AM,5:41 AM,12:08 PM,3:38 PM,3:38 PM,6:35 PM,6:35 PM,6:40 PM,7:56 PM,4:19 AM,5:41 AM,5:31 AM,11:43 AM,12:03 PM,12:30 AM,4:00 AM,2:50 AM,4:20 AM
2026-04-21,Kanpur,4:19 AM,5:40 AM,12:07 PM,3:38 PM,3:38 PM,6:35 PM,6:35 PM,6:40 PM,7:56 PM,4:18 AM,5:40 AM,5:30 AM,11:42 AM,12:02 PM,12:30 AM,3:59 AM,2:49 AM,4:19 AM
2026-04-22,Kanpur,4:18 AM,5:39 AM,12:07 PM,3:38 PM,3:38 PM,6:36 PM,6:36 PM,6:41 PM,7:57 PM,4:17 AM,5:39 AM,5:29 AM,11:42 AM,12:02 PM,12:30 AM,3:58 AM,2:48 AM,4:18 AM
2026-04-23,Kanpur,4:17 AM,5:38 AM,12:07 PM,3:37 PM,3:37 PM,6:36 PM,6:36 PM,6:41 PM,7:58 PM,4:16 AM,5:38 AM,5:28 AM,11:42 AM,12:02 PM,12:30 AM,3:57 AM,2:47 AM,4:17 AM
2026-04-24,Kanpur,4:16 AM,5:37 AM,12:07 PM,3:37 PM,3:37 PM,6:37 PM,6:37 PM,6:42 PM,7:59 PM,4:15 AM,5:37 AM,5:27 AM,11:42 AM,12:02 PM,12:30 AM,3:56 AM,2:46 AM,4:16 AM
2026-04-25,Kanpur,4:15 AM,5:36 AM,12:07 PM,3:37 PM,3:37 PM,6:38 PM,6:38 PM,6:43 PM,7:59 PM,4:13 AM,5:36 AM,5:26 AM,11:42 AM,12:02 PM,12:30 AM,3:55 AM,2:45 AM,4:15 AM
2026-04-26,Kanpur,4:13 AM,5:35 AM,12:07 PM,3:37 PM,3:37 PM,6:38 PM,6:38 PM,6:43 PM,8:00 PM,4:12 AM,5:35 AM,5:25 AM,11:42 AM,12:02 PM,12:30 AM,3:53 AM,2:43 AM,4:13 AM
2026-04-27,Kanpur,4:12 AM,5:35 AM,12:06 PM,3:37 PM,3:37 PM,6:39 PM,6:39 PM,6:44 PM,8:01 PM,4:11 AM,5:35 AM,5:25 AM,11:41 AM,12:01 PM,12:30 AM,3:52 AM,2:42 AM,4:12 AM
2026-04-28,Kanpur,4:11 AM,5:34 AM,12:06 PM,3:37 PM,3:37 PM,6:39 PM,6:39 PM,6:44 PM,8:02 PM,4:10 AM,5:34 AM,5:24 AM,11:41 AM,12:01 PM,12:30 AM,3:51 AM,2:41 AM,4:11 AM
2026-04-29,Kanpur,4:10 AM,5:33 AM,12:06 PM,3:36 PM,3:36 PM,6:40 PM,6:40 PM,6:45 PM,8:02 PM,4:09 AM,5:33 AM,5:23 AM,11:41 AM,12:01 PM,12:30 AM,3:50 AM,2:40 AM,4:10 AM
2026-04-30,Kanpur,4:09 AM,5:32 AM,12:06 PM,3:36 PM,3:36 PM,6:40 PM,6:40 PM,6:45 PM,8:03 PM,4:08 AM,5:32 AM,5:22 AM,11:41 AM,12:01 PM,12:30 AM,3:49 AM,2:39 AM,4:09 AM
2026-05-01,Kanpur,4:08 AM,5:31 AM,12:06 PM,3:36 PM,3:36 PM,6:41 PM,6:41 PM,6:46 PM,8:04 PM,4:07 AM,5:31 AM,5:21 AM,11:41 AM,12:01 PM,12:30 AM,3:48 AM,2:38 AM,4:08 AM
2026-05-02,Kanpur,4:07 AM,5:30 AM,12:06 PM,3:36 PM,3:36 PM,6:41 PM,6:41 PM,6:46 PM,8:05 PM,4:06 AM,5:30 AM,5:20 AM,11:41 AM,12:01 PM,12:30 AM,3:47 AM,2:37 AM,4:07 AM
2026-05-03,Kanpur,4:06 AM,5:30 AM,12:06 PM,3:36 PM,3:36 PM,6:42 PM,6:42 PM,6:47 PM,8:05 PM,4:05 AM,5:30 AM,5:20 AM,11:41 AM,12:01 PM,12:30 AM,3:46 AM,2:36 AM,4:06 AM
2026-05-04,Kanpur,4:05 AM,5:29 AM,12:05 PM,3:35 PM,3:35 PM,6:42 PM,6:42 PM,6:47 PM,8:06 PM,4:04 AM,5:29 AM,5:19 AM,11:40 AM,12:00 PM,12:30 AM,3:45 AM,2:35 AM,4:05 AM
2026-05-05,Kanpur,4:04 AM,5:28 AM,12:05 PM,3:35 PM,3:35 PM,6:43 PM,6:43 PM,6:48 PM,8:07 PM,4:03 AM,5:28 AM,5:18 AM,11:40 AM,12:00 PM,12:30 AM,3:44 AM,2:34 AM,4:04 AM
2026-05-06,Kanpur,4:03 AM,5:28 AM,12:05 PM,3:35 PM,3:35 PM,6:43 PM,6:43 PM,6:48 PM,8:08 PM,4:03 AM,5:28 AM,5:18 AM,11:40 AM,12:00 PM,12:30 AM,3:43 AM,2:33 AM,4:03 AM
2026-05-07,Kanpur,4:03 AM,5:27 AM,12:05 PM,3:35 PM,3:35 PM,6:44 PM,6:44 PM,6:49 PM,8:08 PM,4:02 AM,5:27 AM,5:17 AM,11:40 AM,12:00 PM,12:30 AM,3:43 AM,2:33 AM,4:03 AM
2026-05-08,Kanpur,4:02 AM,5:26 AM,12:05 PM,3:35 PM,3:35 PM,6:45 PM,6:45 PM,6:50 PM,8:09 PM,4:01 AM,5:26 AM,5:16 AM,11:40 AM,12:00 PM,12:30 AM,3:42 AM,2:32 AM,4:02 AM
2026-05-09,Kanpur,4:01 AM,5:26 AM,12:05 PM,3:35 PM,3:35 PM,6:45 PM,6:45 PM,6:50 PM,8:10 PM,4:00 AM,5:26 AM,5:16 AM,11:40 AM,12:00 PM,12:30 AM,3:41 AM,2:31 AM,4:01 AM
2026-05-10,Kanpur,4:00 AM,5:25 AM,12:05 PM,3:34 PM,3:34 PM,6:46 PM,6:46 PM,6:51 PM,8:11 PM,3:59 AM,5:25 AM,5:15 AM,11:40 AM,12:00 PM,12:30 AM,3:40 AM,2:30 AM,4:00 AM
2026-05-11,Kanpur,3:59 AM,5:24 AM,12:05 PM,3:34 PM,3:34 PM,6:46 PM,6:46 PM,6:51 PM,8:12 PM,3:58 AM,5:24 AM,5:14 AM,11:40 AM,12:00 PM,12:30 AM,3:39 AM,2:29 AM,3:59 AM
2026-05-12,Kanpur,3:58 AM,5:24 AM,12:05 PM,3:34 PM,3:34 PM,6:47 PM,6:47 PM,6:52 PM,8:12 PM,3:57 AM,5:24 AM,5:14 AM,11:40 AM,12:00 PM,12:30 AM,3:38 AM,2:28 AM,3:58 AM
2026-05-13,Kanpur,3:57 AM,5:23 AM,12:05 PM,3:34 PM,3:34 PM,6:47 PM,6:47 PM,6:52 PM,8:13 PM,3:57 AM,5:23 AM,5:13 AM,11:40 AM,12:00 PM,12:30 AM,3:37 AM,2:27 AM,3:57 AM
2026-05-14,Kanpur,3:57 AM,5:23 AM,12:05 PM,3:34 PM,3:34 PM,6:48 PM,6:48 PM,6:53 PM,8:14 PM,3:56 AM,5:23 AM,5:13 AM,11:40 AM,12:00 PM,12:30 AM,3:37 AM,2:27 AM,3:57 AM
2026-05-15,Kanpur,3:56 AM,5:22 AM,12:05 PM,3:34 PM,3:34 PM,6:48 PM,6:48 PM,6:53 PM,8:15 PM,3:55 AM,5:22 AM,5:12 AM,11:40 AM,12:00 PM,12:30 AM,3:36 AM,2:26 AM,3:56 AM
2026-05-16,Kanpur,3:55 AM,5:21 AM,12:05 PM,3:34 PM,3:34 PM,6:49 PM,6:49 PM,6:54 PM,8:15 PM,3:54 AM,5:21 AM,5:11 AM,11:40 AM,12:00 PM,12:30 AM,3:35 AM,2:25 AM,3:55 AM
2026-05-17,Kanpur,3:54 AM,5:21 AM,12:05 PM,3:34 PM,3:34 PM,6:49 PM,6:49 PM,6:54 PM,8:16 PM,3:54 AM,5:21 AM,5:11 AM,11:40 AM,12:00 PM,12:30 AM,3:34 AM,2:24 AM,3:54 AM
2026-05-18,Kanpur,3:54 AM,5:20 AM,12:05 PM,3:34 PM,3:34 PM,6:50 PM,6:50 PM,6:55 PM,8:17 PM,3:53 AM,5:20 AM,5:10 AM,11:40 AM,12:00 PM,12:30 AM,3:34 AM,2:24 AM,3:54 AM
2026-05-19,Kanpur,3:53 AM,5:20 AM,12:05 PM,3:34 PM,3:34 PM,6:51 PM,6:51 PM,6:56 PM,8:18 PM,3:52 AM,5:20 AM,5:10 AM,11:40 AM,12:00 PM,12:30 AM,3:33 AM,2:23 AM,3:53 AM
2026-05-20,Kanpur,3:52 AM,5:20 AM,12:05 PM,3:33 PM,3:33 PM,6:51 PM,6:51 PM,6:56 PM,8:18 PM,3:52 AM,5:20 AM,5:10 AM,11:40 AM,12:00 PM,12:30 AM,3:32 AM,2:22 AM,3:52 AM
2026-05-21,Kanpur,3:52 AM,5:19 AM,12:05 PM,3:33 PM,3:33 PM,6:52 PM,6:52 PM,6:57 PM,8:19 PM,3:51 AM,5:19 AM,5:09 AM,11:40 AM,12:00 PM,12:30 AM,3:32 AM,2:22 AM,3:52 AM
2026-05-22,Kanpur,3:51 AM,5:19 AM,12:05 PM,3:33 PM,3:33 PM,6:52 PM,6:52 PM,6:57 PM,8:20 PM,3:51 AM,5:19 AM,5:09 AM,11:40 AM,12:00 PM,12:30 AM,3:31 AM,2:21 AM,3:51 AM
2026-05-23,Kanpur,3:51 AM,5:18 AM,12:05 PM,3:33 PM,3:33 PM,6:53 PM,6:53 PM,6:58 PM,8:21 PM,3:50 AM,5:18 AM,5:08 AM,11:40 AM,12:00 PM,12:30 AM,3:31 AM,2:21 AM,3:51 AM
2026-05-24,Kanpur,3:50 AM,5:18 AM,12:06 PM,3:33 PM,3:33 PM,6:53 PM,6:53 PM,6:58 PM,8:21 PM,3:49 AM,5:18 AM,5:08 AM,11:41 AM,12:01 PM,12:30 AM,3:30 AM,2:20 AM,3:50 AM
2026-05-25,Kanpur,3:49 AM,5:18 AM,12:06 PM,3:33 PM,3:33 PM,6:54 PM,6:54 PM,6:59 PM,8:22 PM,3:49 AM,5:18 AM,5:08 AM,11:41 AM,12:01 PM,12:30 AM,3:29 AM,2:19 AM,3:49 AM
2026-05-26,Kanpur,3:49 AM,5:17 AM,12:06 PM,3:33 PM,3:33 PM,6:54 PM,6:54 PM,6:59 PM,8:23 PM,3:48 AM,5:17 AM,5:07 AM,11:41 AM,12:01 PM,12:30 AM,3:29 AM,2:19 AM,3:49 AM
2026-05-27,Kanpur,3:48 AM,5:17 AM,12:06 PM,3:33 PM,3:33 PM,6:55 PM,6:55 PM,7:00 PM,8:23 PM,3:48 AM,5:17 AM,5:07 AM,11:41 AM,12:01 PM,12:30 AM,3:28 AM,2:18 AM,3:48 AM
2026-05-28,Kanpur,3:48 AM,5:17 AM,12:06 PM,3:33 PM,3:33 PM,6:55 PM,6:55 PM,7:00 PM,8:24 PM,3:48 AM,5:17 AM,5:07 AM,11:41 AM,12:01 PM,12:30 AM,3:28 AM,2:18 AM,3:48 AM
2026-05-29,Kanpur,3:48 AM,5:17 AM,12:06 PM,3:33 PM,3:33 PM,6:56 PM,6:56 PM,7:01 PM,8:25 PM,3:47 AM,5:17 AM,5:07 AM,11:41 AM,12:01 PM,12:30 AM,3:28 AM,2:18 AM,3:48 AM
2026-05-30,Kanpur,3:47 AM,5:16 AM,12:06 PM,3:33 PM,3:33 PM,6:56 PM,6:56 PM,7:01 PM,8:26 PM,3:47 AM,5:16 AM,5:06 AM,11:41 AM,12:01 PM,12:30 AM,3:27 AM,2:17 AM,3:47 AM
2026-05-31,Kanpur,3:47 AM,5:16 AM,12:06 PM,3:33 PM,3:33 PM,6:57 PM,6:57 PM,7:02 PM,8:26 PM,3:46 AM,5:16 AM,5:06 AM,11:41 AM,12:01 PM,12:30 AM,3:27 AM,2:17 AM,3:47 AM
2026-06-01,Kanpur,3:46 AM,5:16 AM,12:07 PM,3:33 PM,3:33 PM,6:57 PM,6:57 PM,7:02 PM,8:27 PM,3:46 AM,5:16 AM,5:06 AM,11:42 AM,12:02 PM,12:30 AM,3:26 AM,2:16 AM,3:46 AM
2026-06-02,Kanpur,3:46 AM,5:16 AM,12:07 PM,3:33 PM,3:33 PM,6:58 PM,6:58 PM,7:03 PM,8:27 PM,3:46 AM,5:16 AM,5:06 AM,11:42 AM,12:02 PM,12:30 AM,3:26 AM,2:16 AM,3:46 AM
2026-06-03,Kanpur,3:46 AM,5:16 AM,12:07 PM,3:34 PM,3:34 PM,6:58 PM,6:58 PM,7:03 PM,8:28 PM,3:46 AM,5:16 AM,5:06 AM,11:42 AM,12:02 PM,12:30 AM,3:26 AM,2:16 AM,3:46 AM
2026-06-04,Kanpur,3:46 AM,5:15 AM,12:07 PM,3:34 PM,3:34 PM,6:59 PM,6:59 PM,7:04 PM,8:29 PM,3:45 AM,5:15 AM,5:05 AM,11:42 AM,12:02 PM,12:30 AM,3:26 AM,2:16 AM,3:46 AM
2026-06-05,Kanpur,3:45 AM,5:15 AM,12:07 PM,3:34 PM,3:34 PM,6:59 PM,6:59 PM,7:04 PM,8:29 PM,3:45 AM,5:15 AM,5:05 AM,11:42 AM,12:02 PM,12:30 AM,3:25 AM,2:15 AM,3:45 AM
2026-06-06,Kanpur,3:45 AM,5:15 AM,12:07 PM,3:34 PM,3:34 PM,7:00 PM,7:00 PM,7:05 PM,8:30 PM,3:45 AM,5:15 AM,5:05 AM,11:42 AM,12:02 PM,12:30 AM,3:25 AM,2:15 AM,3:45 AM
2026-06-07,Kanpur,3:45 AM,5:15 AM,12:08 PM,3:34 PM,3:34 PM,7:00 PM,7:00 PM,7:05 PM,8:30 PM,3:45 AM,5:15 AM,5:05 AM,11:43 AM,12:03 PM,12:30 AM,3:25 AM,2:15 AM,3:45 AM
2026-06-08,Kanpur,3:45 AM,5:15 AM,12:08 PM,3:34 PM,3:34 PM,7:00 PM,7:00 PM,7:05 PM,8:31 PM,3:45 AM,5:15 AM,5:05 AM,11:43 AM,12:03 PM,12:30 AM,3:25 AM,2:15 AM,3:45 AM
2026-06-09,Kanpur,3:45 AM,5:15 AM,12:08 PM,3:34 PM,3:34 PM,7:01 PM,7:01 PM,7:06 PM,8:31 PM,3:45 AM,5:15 AM,5:05 AM,11:43 AM,12:03 PM,12:30 AM,3:25 AM,2:15 AM,3:45 AM
2026-06-10,Kanpur,3:45 AM,5:15 AM,12:08 PM,3:34 PM,3:34 PM,7:01 PM,7:01 PM,7:06 PM,8:32 PM,3:44 AM,5:15 AM,5:05 AM,11:43 AM,12:03 PM,12:30 AM,3:25 AM,2:15 AM,3:45 AM
2026-06-11,Kanpur,3:44 AM,5:15 AM,12:08 PM,3:34 PM,3:34 PM,7:02 PM,7:02 PM,7:07 PM,8:32 PM,3:44 AM,5:15 AM,5:05 AM,11:43 AM,12:03 PM,12:30 AM,3:24 AM,2:14 AM,3:44 AM
2026-06-12,Kanpur,3:44 AM,5:15 AM,12:09 PM,3:35 PM,3:35 PM,7:02 PM,7:02 PM,7:07 PM,8:33 PM,3:44 AM,5:15 AM,5:05 AM,11:44 AM,12:04 PM,12:30 AM,3:24 AM,2:14 AM,3:44 AM
2026-06-13,Kanpur,3:44 AM,5:15 AM,12:09 PM,3:35 PM,3:35 PM,7:02 PM,7:02 PM,7:07 PM,8:33 PM,3:44 AM,5:15 AM,5:05 AM,11:44 AM,12:04 PM,12:30 AM,3:24 AM,2:14 AM,3:44 AM
2026-06-14,Kanpur,3:44 AM,5:15 AM,12:09 PM,3:35 PM,3:35 PM,7:03 PM,7:03 PM,7:08 PM,8:34 PM,3:44 AM,5:15 AM,5:05 AM,11:44 AM,12:04 PM,12:30 AM,3:24 AM,2:14 AM,3:44 AM
2026-06-15,Kanpur,3:44 AM,5:15 AM,12:09 PM,3:35 PM,3:35 PM,7:03 PM,7:03 PM,7:08 PM,8:34 PM,3:45 AM,5:15 AM,5:05 AM,11:44 AM,12:04 PM,12:30 AM,3:24 AM,2:14 AM,3:44 AM
2026-06-16,Kanpur,3:45 AM,5:16 AM,12:09 PM,3:35 PM,3:35 PM,7:03 PM,7:03 PM,7:08 PM,8:34 PM,3:45 AM,5:16 AM,5:06 AM,11:44 AM,12:04 PM,12:30 AM,3:25 AM,2:15 AM,3:45 AM
2026-06-17,Kanpur,3:45 AM,5:16 AM,12:10 PM,3:36 PM,3:36 PM,7:03 PM,7:03 PM,7:08 PM,8:35 PM,3:45 AM,5:16 AM,5:06 AM,11:45 AM,12:05 PM,12:30 AM,3:25 AM,2:15 AM,3:45 AM
2026-06-18,Kanpur,3:45 AM,5:16 AM,12:10 PM,3:36 PM,3:36 PM,7:04 PM,7:04 PM,7:09 PM,8:35 PM,3:45 AM,5:16 AM,5:06 AM,11:45 AM,12:05 PM,12:30 AM,3:25 AM,2:15 AM,3:45 AM
2026-06-19,Kanpur,3:45 AM,5:16 AM,12:10 PM,3:36 PM,3:36 PM,7:04 PM,7:04 PM,7:09 PM,8:35 PM,3:45 AM,5:16 AM,5:06 AM,11:45 AM,12:05 PM,12:30 AM,3:25 AM,2:15 AM,3:45 AM
2026-06-20,Kanpur,3:45 AM,5:16 AM,12:10 PM,3:36 PM,3:36 PM,7:04 PM,7:04 PM,7:09 PM,8:35 PM,3:45 AM,5:16 AM,5:06 AM,11:45 AM,12:05 PM,12:30 AM,3:25 AM,2:15 AM,3:45 AM
2026-06-21,Kanpur,3:45 AM,5:16 AM,12:10 PM,3:36 PM,3:36 PM,7:04 PM,7:04 PM,7:09 PM,8:36 PM,3:45 AM,5:16 AM,5:06 AM,11:45 AM,12:05 PM,12:30 AM,3:25 AM,2:15 AM,3:45 AM
2026-06-22,Kanpur,3:45 AM,5:17 AM,12:11 PM,3:37 PM,3:37 PM,7:05 PM,7:05 PM,7:10 PM,8:36 PM,3:46 AM,5:17 AM,5:07 AM,11:46 AM,12:06 PM,12:30 AM,3:25 AM,2:15 AM,3:45 AM
2026-06-23,Kanpur,3:46 AM,5:17 AM,12:11 PM,3:37 PM,3:37 PM,7:05 PM,7:05 PM,7:10 PM,8:36 PM,3:46 AM,5:17 AM,5:07 AM,11:46 AM,12:06 PM,12:30 AM,3:26 AM,2:16 AM,3:46 AM
2026-06-24,Kanpur,3:46 AM,5:17 AM,12:11 PM,3:37 PM,3:37 PM,7:05 PM,7:05 PM,7:10 PM,8:36 PM,3:46 AM,5:17 AM,5:07 AM,11:46 AM,12:06 PM,12:30 AM,3:26 AM,2:16 AM,3:46 AM
2026-06-25,Kanpur,3:46 AM,5:17 AM,12:11 PM,3:37 PM,3:37 PM,7:05 PM,7:05 PM,7:10 PM,8:36 PM,3:47 AM,5:17 AM,5:07 AM,11:46 AM,12:06 PM,12:30 AM,3:26 AM,2:16 AM,3:46 AM
2026-06-26,Kanpur,3:47 AM,5:18 AM,12:12 PM,3:38 PM,3:38 PM,7:05 PM,7:05 PM,7:10 PM,8:36 PM,3:47 AM,5:18 AM,5:08 AM,11:47 AM,12:07 PM,12:30 AM,3:27 AM,2:17 AM,3:47 AM
2026-06-27,Kanpur,3:47 AM,5:18 AM,12:12 PM,3:38 PM,3:38 PM,7:05 PM,7:05 PM,7:10 PM,8:36 PM,3:47 AM,5:18 AM,5:08 AM,11:47 AM,12:07 PM,12:30 AM,3:27 AM,2:17 AM,3:47 AM
2026-06-28,Kanpur,3:47 AM,5:18 AM,12:12 PM,3:38 PM,3:38 PM,7:06 PM,7:06 PM,7:11 PM,8:36 PM,3:48 AM,5:18 AM,5:08 AM,11:47 AM,12:07 PM,12:30 AM,3:27 AM,2:17 AM,3:47 AM
2026-06-29,Kanpur,3:48 AM,5:19 AM,12:12 PM,3:38 PM,3:38 PM,7:06 PM,7:06 PM,7:11 PM,8:36 PM,3:48 AM,5:19 AM,5:09 AM,11:47 AM,12:07 PM,12:30 AM,3:28 AM,2:18 AM,3:48 AM
2026-06-30,Kanpur,3:48 AM,5:19 AM,12:12 PM,3:39 PM,3:39 PM,7:06 PM,7:06 PM,7:11 PM,8:36 PM,3:49 AM,5:19 AM,5:09 AM,11:47 AM,12:07 PM,12:30 AM,3:28 AM,2:18 AM,3:48 AM
2026-07-01,Kanpur,3:49 AM,5:19 AM,12:13 PM,3:39 PM,3:39 PM,7:06 PM,7:06 PM,7:11 PM,8:36 PM,3:49 AM,5:19 AM,5:09 AM,11:48 AM,12:08 PM,12:30 AM,3:29 AM,2:19 AM,3:49 AM
2026-07-02,Kanpur,3:49 AM,5:20 AM,12:13 PM,3:39 PM,3:39 PM,7:06 PM,7:06 PM,7:11 PM,8:36 PM,3:49 AM,5:20 AM,5:10 AM,11:48 AM,12:08 PM,12:30 AM,3:29 AM,2:19 AM,3:49 AM
2026-07-03,Kanpur,3:49 AM,5:20 AM,12:13 PM,3:40 PM,3:40 PM,7:06 PM,7:06 PM,7:11 PM,8:36 PM,3:50 AM,5:20 AM,5:10 AM,11:48 AM,12:08 PM,12:30 AM,3:29 AM,2:19 AM,3:49 AM
2026-07-04,Kanpur,3:50 AM,5:20 AM,12:13 PM,3:40 PM,3:40 PM,7:06 PM,7:06 PM,7:11 PM,8:36 PM,3:50 AM,5:20 AM,5:10 AM,11:48 AM,12:08 PM,12:30 AM,3:30 AM,2:20 AM,3:50 AM
2026-07-05,Kanpur,3:50 AM,5:21 AM,12:13 PM,3:40 PM,3:40 PM,7:06 PM,7:06 PM,7:11 PM,8:36 PM,3:51 AM,5:21 AM,5:11 AM,11:48 AM,12:08 PM,12:30 AM,3:30 AM,2:20 AM,3:50 AM
2026-07-06,Kanpur,3:51 AM,5:21 AM,12:13 PM,3:40 PM,3:40 PM,7:06 PM,7:06 PM,7:11 PM,8:36 PM,3:51 AM,5:21 AM,5:11 AM,11:48 AM,12:08 PM,12:30 AM,3:31 AM,2:21 AM,3:51 AM
2026-07-07,Kanpur,3:51 AM,5:22 AM,12:14 PM,3:41 PM,3:41 PM,7:05 PM,7:05 PM,7:10 PM,8:36 PM,3:52 AM,5:22 AM,5:12 AM,11:49 AM,12:09 PM,12:30 AM,3:31 AM,2:21 AM,3:51 AM
2026-07-08,Kanpur,3:52 AM,5:22 AM,12:14 PM,3:41 PM,3:41 PM,7:05 PM,7:05 PM,7:10 PM,8:35 PM,3:53 AM,5:22 AM,5:12 AM,11:49 AM,12:09 PM,12:30 AM,3:32 AM,2:22 AM,3:52 AM
2026-07-09,Kanpur,3:53 AM,5:22 AM,12:14 PM,3:41 PM,3:41 PM,7:05 PM,7:05 PM,7:10 PM,8:35 PM,3:53 AM,5:22 AM,5:12 AM,11:49 AM,12:09 PM,12:30 AM,3:33 AM,2:23 AM,3:53 AM
2026-07-10,Kanpur,3:53 AM,5:23 AM,12:14 PM,3:41 PM,3:41 PM,7:05 PM,7:05 PM,7:10 PM,8:35 PM,3:54 AM,5:23 AM,5:13 AM,11:49 AM,12:09 PM,12:30 AM,3:33 AM,2:23 AM,3:53 AM
2026-07-11,Kanpur,3:54 AM,5:23 AM,12:14 PM,3:42 PM,3:42 PM,7:05 PM,7:05 PM,7:10 PM,8:34 PM,3:54 AM,5:23 AM,5:13 AM,11:49 AM,12:09 PM,12:30 AM,3:34 AM,2:24 AM,3:54 AM
2026-07-12,Kanpur,3:54 AM,5:24 AM,12:14 PM,3:42 PM,3:42 PM,7:05 PM,7:05 PM,7:10 PM,8:34 PM,3:55 AM,5:24 AM,5:14 AM,11:49 AM,12:09 PM,12:30 AM,3:34 AM,2:24 AM,3:54 AM
2026-07-13,Kanpur,3:55 AM,5:24 AM,12:14 PM,3:42 PM,3:42 PM,7:04 PM,7:04 PM,7:09 PM,8:34 PM,3:56 AM,5:24 AM,5:14 AM,11:49 AM,12:09 PM,12:30 AM,3:35 AM,2:25 AM,3:55 AM
2026-07-14,Kanpur,3:56 AM,5:25 AM,12:15 PM,3:42 PM,3:42 PM,7:04 PM,7:04 PM,7:09 PM,8:33 PM,3:56 AM,5:25 AM,5:15 AM,11:50 AM,12:10 PM,12:30 AM,3:36 AM,2:26 AM,3:56 AM
2026-07-15,Kanpur,3:56 AM,5:25 AM,12:15 PM,3:43 PM,3:43 PM,7:04 PM,7:04 PM,7:09 PM,8:33 PM,3:57 AM,5:25 AM,5:15 AM,11:50 AM,12:10 PM,12:30 AM,3:36 AM,2:26 AM,3:56 AM
2026-07-16,Kanpur,3:57 AM,5:26 AM,12:15 PM,3:43 PM,3:43 PM,7:04 PM,7:04 PM,7:09 PM,8:32 PM,3:58 AM,5:26 AM,5:16 AM,11:50 AM,12:10 PM,12:30 AM,3:37 AM,2:27 AM,3:57 AM
2026-07-17,Kanpur,3:58 AM,5:26 AM,12:15 PM,3:43 PM,3:43 PM,7:03 PM,7:03 PM,7:08 PM,8:32 PM,3:58 AM,5:26 AM,5:16 AM,11:50 AM,12:10 PM,12:30 AM,3:38 AM,2:28 AM,3:58 AM
2026-07-18,Kanpur,3:58 AM,5:27 AM,12:15 PM,3:43 PM,3:43 PM,7:03 PM,7:03 PM,7:08 PM,8:31 PM,3:59 AM,5:27 AM,5:17 AM,11:50 AM,12:10 PM,12:30 AM,3:38 AM,2:28 AM,3:58 AM
2026-07-19,Kanpur,3:59 AM,5:27 AM,12:15 PM,3:44 PM,3:44 PM,7:03 PM,7:03 PM,7:08 PM,8:31 PM,4:00 AM,5:27 AM,5:17 AM,11:50 AM,12:10 PM,12:30 AM,3:39 AM,2:29 AM,3:59 AM
2026-07-20,Kanpur,4:00 AM,5:28 AM,12:15 PM,3:44 PM,3:44 PM,7:02 PM,7:02 PM,7:07 PM,8:30 PM,4:00 AM,5:28 AM,5:18 AM,11:50 AM,12:10 PM,12:30 AM,3:40 AM,2:30 AM,4:00 AM
2026-07-21,Kanpur,4:00 AM,5:28 AM,12:15 PM,3:44 PM,3:44 PM,7:02 PM,7:02 PM,7:07 PM,8:29 PM,4:01 AM,5:28 AM,5:18 AM,11:50 AM,12:10 PM,12:30 AM,3:40 AM,2:30 AM,4:00 AM
2026-07-22,Kanpur,4:01 AM,5:29 AM,12:15 PM,3:44 PM,3:44 PM,7:01 PM,7:01 PM,7:06 PM,8:29 PM,4:02 AM,5:29 AM,5:19 AM,11:50 AM,12:10 PM,12:30 AM,3:41 AM,2:31 AM,4:01 AM
2026-07-23,Kanpur,4:02 AM,5:29 AM,12:15 PM,3:44 PM,3:44 PM,7:01 PM,7:01 PM,7:06 PM,8:28 PM,4:03 AM,5:29 AM,5:19 AM,11:50 AM,12:10 PM,12:30 AM,3:42 AM,2:32 AM,4:02 AM
2026-07-24,Kanpur,4:03 AM,5:30 AM,12:15 PM,3:44 PM,3:44 PM,7:00 PM,7:00 PM,7:05 PM,8:28 PM,4:03 AM,5:30 AM,5:20 AM,11:50 AM,12:10 PM,12:30 AM,3:43 AM,2:33 AM,4:03 AM
2026-07-25,Kanpur,4:03 AM,5:30 AM,12:15 PM,3:45 PM,3:45 PM,7:00 PM,7:00 PM,7:05 PM,8:27 PM,4:04 AM,5:30 AM,5:20 AM,11:50 AM,12:10 PM,12:30 AM,3:43 AM,2:33 AM,4:03 AM
2026-07-26,Kanpur,4:04 AM,5:31 AM,12:15 PM,3:45 PM,3:45 PM,7:00 PM,7:00 PM,7:05 PM,8:26 PM,4:05 AM,5:31 AM,5:21 AM,11:50 AM,12:10 PM,12:30 AM,3:44 AM,2:34 AM,4:04 AM
2026-07-27,Kanpur,4:05 AM,5:31 AM,12:15 PM,3:45 PM,3:45 PM,6:59 PM,6:59 PM,7:04 PM,8:25 PM,4:05 AM,5:31 AM,5:21 AM,11:50 AM,12:10 PM,12:30 AM,3:45 AM,2:35 AM,4:05 AM
2026-07-28,Kanpur,4:05 AM,5:32 AM,12:15 PM,3:45 PM,3:45 PM,6:58 PM,6:58 PM,7:03 PM,8:25 PM,4:06 AM,5:32 AM,5:22 AM,11:50 AM,12:10 PM,12:30 AM,3:45 AM,2:35 AM,4:05 AM
2026-07-29,Kanpur,4:06 AM,5:32 AM,12:15 PM,3:45 PM,3:45 PM,6:58 PM,6:58 PM,7:03 PM,8:24 PM,4:07 AM,5:32 AM,5:22 AM,11:50 AM,12:10 PM,12:30 AM,3:46 AM,2:36 AM,4:06 AM
2026-07-30,Kanpur,4:07 AM,5:33 AM,12:15 PM,3:45 PM,3:45 PM,6:57 PM,6:57 PM,7:02 PM,8:23 PM,4:08 AM,5:33 AM,5:23 AM,11:50 AM,12:10 PM,12:30 AM,3:47 AM,2:37 AM,4:07 AM
2026-07-31,Kanpur,4:08 AM,5:33 AM,12:15 PM,3:45 PM,3:45 PM,6:57 PM,6:57 PM,7:02 PM,8:22 PM,4:08 AM,5:33 AM,5:23 AM,11:50 AM,12:10 PM,12:30 AM,3:48 AM,2:38 AM,4:08 AM
2026-08-01,Kanpur,4:08 AM,5:34 AM,12:15 PM,3:45 PM,3:45 PM,6:56 PM,6:56 PM,7:01 PM,8:21 PM,4:09 AM,5:34 AM,5:24 AM,11:50 AM,12:10 PM,12:30 AM,3:48 AM,2:38 AM,4:08 AM
2026-08-02,Kanpur,4:09 AM,5:34 AM,12:15 PM,3:45 PM,3:45 PM,6:55 PM,6:55 PM,7:00 PM,8:20 PM,4:10 AM,5:34 AM,5:24 AM,11:50 AM,12:10 PM,12:30 AM,3:49 AM,2:39 AM,4:09 AM
2026-08-03,Kanpur,4:10 AM,5:35 AM,12:15 PM,3:45 PM,3:45 PM,6:55 PM,6:55 PM,7:00 PM,8:20 PM,4:10 AM,5:35 AM,5:25 AM,11:50 AM,12:10 PM,12:30 AM,3:50 AM,2:40 AM,4:10 AM
2026-08-04,Kanpur,4:10 AM,5:35 AM,12:15 PM,3:45 PM,3:45 PM,6:54 PM,6:54 PM,6:59 PM,8:19 PM,4:11 AM,5:35 AM,5:25 AM,11:50 AM,12:10 PM,12:30 AM,3:50 AM,2:40 AM,4:10 AM
2026-08-05,Kanpur,4:11 AM,5:36 AM,12:15 PM,3:46 PM,3:46 PM,6:53 PM,6:53 PM,6:58 PM,8:18 PM,4:12 AM,5:36 AM,5:26 AM,11:50 AM,12:10 PM,12:30 AM,3:51 AM,2:41 AM,4:11 AM
2026-08-06,Kanpur,4:12 AM,5:36 AM,12:15 PM,3:46 PM,3:46 PM,6:53 PM,6:53 PM,6:58 PM,8:17 PM,4:13 AM,5:36 AM,5:26 AM,11:50 AM,12:10 PM,12:30 AM,3:52 AM,2:42 AM,4:12 AM
2026-08-07,Kanpur,4:13 AM,5:37 AM,12:14 PM,3:45 PM,3:45 PM,6:52 PM,6:52 PM,6:57 PM,8:16 PM,4:13 AM,5:37 AM,5:27 AM,11:49 AM,12:09 PM,12:30 AM,3:53 AM,2:43 AM,4:13 AM
2026-08-08,Kanpur,4:13 AM,5:37 AM,12:14 PM,3:45 PM,3:45 PM,6:51 PM,6:51 PM,6:56 PM,8:15 PM,4:14 AM,5:37 AM,5:27 AM,11:49 AM,12:09 PM,12:30 AM,3:53 AM,2:43 AM,4:13 AM
2026-08-09,Kanpur,4:14 AM,5:38 AM,12:14 PM,3:45 PM,3:45 PM,6:50 PM,6:50 PM,6:55 PM,8:14 PM,4:15 AM,5:38 AM,5:28 AM,11:49 AM,12:09 PM,12:30 AM,3:54 AM,2:44 AM,4:14 AM
2026-08-10,Kanpur,4:15 AM,5:38 AM,12:14 PM,3:45 PM,3:45 PM,6:50 PM,6:50 PM,6:55 PM,8:13 PM,4:16 AM,5:38 AM,5:28 AM,11:49 AM,12:09 PM,12:30 AM,3:55 AM,2:45 AM,4:15 AM
2026-08-11,Kanpur,4:16 AM,5:39 AM,12:14 PM,3:45 PM,3:45 PM,6:49 PM,6:49 PM,6:54 PM,8:12 PM,4:16 AM,5:39 AM,5:29 AM,11:49 AM,12:09 PM,12:30 AM,3:56 AM,2:46 AM,4:16 AM
2026-08-12,Kanpur,4:16 AM,5:39 AM,12:14 PM,3:45 PM,3:45 PM,6:48 PM,6:48 PM,6:53 PM,8:11 PM,4:17 AM,5:39 AM,5:29 AM,11:49 AM,12:09 PM,12:30 AM,3:56 AM,2:46 AM,4:16 AM
2026-08-13,Kanpur,4:17 AM,5:40 AM,12:14 PM,3:45 PM,3:45 PM,6:47 PM,6:47 PM,6:52 PM,8:10 PM,4:18 AM,5:40 AM,5:30 AM,11:49 AM,12:09 PM,12:30 AM,3:57 AM,2:47 AM,4:17 AM
2026-08-14,Kanpur,4:18 AM,5:40 AM,12:13 PM,3:45 PM,3:45 PM,6:46 PM,6:46 PM,6:51 PM,8:09 PM,4:18 AM,5:40 AM,5:30 AM,11:48 AM,12:08 PM,12:30 AM,3:58 AM,2:48 AM,4:18 AM
2026-08-15,Kanpur,4:18 AM,5:41 AM,12:13 PM,3:45 PM,3:45 PM,6:45 PM,6:45 PM,6:50 PM,8:08 PM,4:19 AM,5:41 AM,5:31 AM,11:48 AM,12:08 PM,12:30 AM,3:58 AM,2:48 AM,4:18 AM
2026-08-16,Kanpur,4:19 AM,5:41 AM,12:13 PM,3:45 PM,3:45 PM,6:45 PM,6:45 PM,6:50 PM,8:07 PM,4:20 AM,5:41 AM,5:31 AM,11:48 AM,12:08 PM,12:30 AM,3:59 AM,2:49 AM,4:19 AM
2026-08-17,Kanpur,4:20 AM,5:42 AM,12:13 PM,3:44 PM,3:44 PM,6:44 PM,6:44 PM,6:49 PM,8:05 PM,4:20 AM,5:42 AM,5:32 AM,11:48 AM,12:08 PM,12:30 AM,4:00 AM,2:50 AM,4:20 AM
2026-08-18,Kanpur,4:20 AM,5:42 AM,12:13 PM,3:44 PM,3:44 PM,6:43 PM,6:43 PM,6:48 PM,8:04 PM,4:21 AM,5:42 AM,5:32 AM,11:48 AM,12:08 PM,12:30 AM,4:00 AM,2:50 AM,4:20 AM
2026-08-19,Kanpur,4:21 AM,5:43 AM,12:12 PM,3:44 PM,3:44 PM,6:42 PM,6:42 PM,6:47 PM,8:03 PM,4:22 AM,5:43 AM,5:33 AM,11:47 AM,12:07 PM,12:30 AM,4:01 AM,2:51 AM,4:21 AM
2026-08-20,Kanpur,4:22 AM,5:43 AM,12:12 PM,3:44 PM,3:44 PM,6:41 PM,6:41 PM,6:46 PM,8:02 PM,4:22 AM,5:43 AM,5:33 AM,11:47 AM,12:07 PM,12:30 AM,4:02 AM,2:52 AM,4:22 AM
2026-08-21,Kanpur,4:22 AM,5:43 AM,12:12 PM,3:44 PM,3:44 PM,6:40 PM,6:40 PM,6:45 PM,8:01 PM,4:23 AM,5:43 AM,5:33 AM,11:47 AM,12:07 PM,12:30 AM,4:02 AM,2:52 AM,4:22 AM
2026-08-22,Kanpur,4:23 AM,5:44 AM,12:12 PM,3:43 PM,3:43 PM,6:39 PM,6:39 PM,6:44 PM,8:00 PM,4:24 AM,5:44 AM,5:34 AM,11:47 AM,12:07 PM,12:30 AM,4:03 AM,2:53 AM,4:23 AM
2026-08-23,Kanpur,4:24 AM,5:44 AM,12:11 PM,3:43 PM,3:43 PM,6:38 PM,6:38 PM,6:43 PM,7:59 PM,4:24 AM,5:44 AM,5:34 AM,11:46 AM,12:06 PM,12:30 AM,4:04 AM,2:54 AM,4:24 AM
2026-08-24,Kanpur,4:24 AM,5:45 AM,12:11 PM,3:43 PM,3:43 PM,6:37 PM,6:37 PM,6:42 PM,7:58 PM,4:25 AM,5:45 AM,5:35 AM,11:46 AM,12:06 PM,12:30 AM,4:04 AM,2:54 AM,4:24 AM
2026-08-25,Kanpur,4:25 AM,5:45 AM,12:11 PM,3:43 PM,3:43 PM,6:36 PM,6:36 PM,6:41 PM,7:56 PM,4:25 AM,5:45 AM,5:35 AM,11:46 AM,12:06 PM,12:30 AM,4:05 AM,2:55 AM,4:25 AM
2026-08-26,Kanpur,4:25 AM,5:46 AM,12:11 PM,3:42 PM,3:42 PM,6:35 PM,6:35 PM,6:40 PM,7:55 PM,4:26 AM,5:46 AM,5:36 AM,11:46 AM,12:06 PM,12:30 AM,4:05 AM,2:55 AM,4:25 AM
2026-08-27,Kanpur,4:26 AM,5:46 AM,12:10 PM,3:42 PM,3:42 PM,6:34 PM,6:34 PM,6:39 PM,7:54 PM,4:27 AM,5:46 AM,5:36 AM,11:45 AM,12:05 PM,12:30 AM,4:06 AM,2:56 AM,4:26 AM
2026-08-28,Kanpur,4:27 AM,5:47 AM,12:10 PM,3:42 PM,3:42 PM,6:33 PM,6:33 PM,6:38 PM,7:53 PM,4:27 AM,5:47 AM,5:37 AM,11:45 AM,12:05 PM,12:30 AM,4:07 AM,2:57 AM,4:27 AM
2026-08-29,Kanpur,4:27 AM,5:47 AM,12:10 PM,3:41 PM,3:41 PM,6:32 PM,6:32 PM,6:37 PM,7:52 PM,4:28 AM,5:47 AM,5:37 AM,11:45 AM,12:05 PM,12:30 AM,4:07 AM,2:57 AM,4:27 AM
2026-08-30,Kanpur,4:28 AM,5:47 AM,12:09 PM,3:41 PM,3:41 PM,6:31 PM,6:31 PM,6:36 PM,7:50 PM,4:28 AM,5:47 AM,5:37 AM,11:44 AM,12:04 PM,12:30 AM,4:08 AM,2:58 AM,4:28 AM
2026-08-31,Kanpur,4:28 AM,5:48 AM,12:09 PM,3:40 PM,3:40 PM,6:30 PM,6:30 PM,6:35 PM,7:49 PM,4:29 AM,5:48 AM,5:38 AM,11:44 AM,12:04 PM,12:30 AM,4:08 AM,2:58 AM,4:28 AM
2026-09-01,Kanpur,4:29 AM,5:48 AM,12:09 PM,3:40 PM,3:40 PM,6:29 PM,6:29 PM,6:34 PM,7:48 PM,4:30 AM,5:48 AM,5:38 AM,11:44 AM,12:04 PM,12:30 AM,4:09 AM,2:59 AM,4:29 AM
2026-09-02,Kanpur,4:30 AM,5:49 AM,12:08 PM,3:40 PM,3:40 PM,6:28 PM,6:28 PM,6:33 PM,7:47 PM,4:30 AM,5:49 AM,5:39 AM,11:43 AM,12:03 PM,12:30 AM,4:10 AM,3:00 AM,4:30 AM
2026-09-03,Kanpur,4:30 AM,5:49 AM,12:08 PM,3:39 PM,3:39 PM,6:27 PM,6:27 PM,6:32 PM,7:46 PM,4:31 AM,5:49 AM,5:39 AM,11:43 AM,12:03 PM,12:30 AM,4:10 AM,3:00 AM,4:30 AM
2026-09-04,Kanpur,4:31 AM,5:50 AM,12:08 PM,3:39 PM,3:39 PM,6:26 PM,6:26 PM,6:31 PM,7:44 PM,4:31 AM,5:50 AM,5:40 AM,11:43 AM,12:03 PM,12:30 AM,4:11 AM,3:01 AM,4:31 AM
2026-09-05,Kanpur,4:31 AM,5:50 AM,12:07 PM,3:38 PM,3:38 PM,6:24 PM,6:24 PM,6:29 PM,7:43 PM,4:32 AM,5:50 AM,5:40 AM,11:42 AM,12:02 PM,12:30 AM,4:11 AM,3:01 AM,4:31 AM
2026-09-06,Kanpur,4:32 AM,5:50 AM,12:07 PM,3:38 PM,3:38 PM,6:23 PM,6:23 PM,6:28 PM,7:42 PM,4:32 AM,5:50 AM,5:40 AM,11:42 AM,12:02 PM,12:30 AM,4:12 AM,3:02 AM,4:32 AM
2026-09-07,Kanpur,4:32 AM,5:51 AM,12:07 PM,3:37 PM,3:37 PM,6:22 PM,6:22 PM,6:27 PM,7:41 PM,4:33 AM,5:51 AM,5:41 AM,11:42 AM,12:02 PM,12:30 AM,4:12 AM,3:02 AM,4:32 AM
2026-09-08,Kanpur,4:33 AM,5:51 AM,12:06 PM,3:37 PM,3:37 PM,6:21 PM,6:21 PM,6:26 PM,7:39 PM,4:33 AM,5:51 AM,5:41 AM,11:41 AM,12:01 PM,12:30 AM,4:13 AM,3:03 AM,4:33 AM
2026-09-09,Kanpur,4:33 AM,5:52 AM,12:06 PM,3:36 PM,3:36 PM,6:20 PM,6:20 PM,6:25 PM,7:38 PM,4:34 AM,5:52 AM,5:42 AM,11:41 AM,12:01 PM,12:30 AM,4:13 AM,3:03 AM,4:33 AM
2026-09-10,Kanpur,4:34 AM,5:52 AM,12:06 PM,3:36 PM,3:36 PM,6:19 PM,6:19 PM,6:24 PM,7:37 PM,4:34 AM,5:52 AM,5:42 AM,11:41 AM,12:01 PM,12:30 AM,4:14 AM,3:04 AM,4:34 AM
2026-09-11,Kanpur,4:34 AM,5:53 AM,12:05 PM,3:35 PM,3:35 PM,6:18 PM,6:18 PM,6:23 PM,7:36 PM,4:35 AM,5:53 AM,5:43 AM,11:40 AM,12:00 PM,12:30 AM,4:14 AM,3:04 AM,4:34 AM
2026-09-12,Kanpur,4:35 AM,5:53 AM,12:05 PM,3:35 PM,3:35 PM,6:17 PM,6:17 PM,6:22 PM,7:35 PM,4:36 AM,5:53 AM,5:43 AM,11:40 AM,12:00 PM,12:30 AM,4:15 AM,3:05 AM,4:35 AM
2026-09-13,Kanpur,4:36 AM,5:53 AM,12:05 PM,3:34 PM,3:34 PM,6:16 PM,6:16 PM,6:21 PM,7:33 PM,4:36 AM,5:53 AM,5:43 AM,11:40 AM,12:00 PM,12:30 AM,4:16 AM,3:06 AM,4:36 AM
2026-09-14,Kanpur,4:36 AM,5:54 AM,12:04 PM,3:34 PM,3:34 PM,6:14 PM,6:14 PM,6:19 PM,7:32 PM,4:37 AM,5:54 AM,5:44 AM,11:39 AM,11:59 AM,12:30 AM,4:16 AM,3:06 AM,4:36 AM
2026-09-15,Kanpur,4:37 AM,5:54 AM,12:04 PM,3:33 PM,3:33 PM,6:13 PM,6:13 PM,6:18 PM,7:31 PM,4:37 AM,5:54 AM,5:44 AM,11:39 AM,11:59 AM,12:30 AM,4:17 AM,3:07 AM,4:37 AM
2026-09-16,Kanpur,4:37 AM,5:55 AM,12:04 PM,3:33 PM,3:33 PM,6:12 PM,6:12 PM,6:17 PM,7:30 PM,4:38 AM,5:55 AM,5:45 AM,11:39 AM,11:59 AM,12:30 AM,4:17 AM,3:07 AM,4:37 AM
2026-09-17,Kanpur,4:38 AM,5:55 AM,12:03 PM,3:32 PM,3:32 PM,6:11 PM,6:11 PM,6:16 PM,7:29 PM,4:38 AM,5:55 AM,5:45 AM,11:38 AM,11:58 AM,12:30 AM,4:18 AM,3:08 AM,4:38 AM
2026-09-18,Kanpur,4:38 AM,5:55 AM,12:03 PM,3:31 PM,3:31 PM,6:10 PM,6:10 PM,6:15 PM,7:27 PM,4:39 AM,5:55 AM,5:45 AM,11:38 AM,11:58 AM,12:30 AM,4:18 AM,3:08 AM,4:38 AM
2026-09-19,Kanpur,4:39 AM,5:56 AM,12:03 PM,3:31 PM,3:31 PM,6:09 PM,6:09 PM,6:14 PM,7:26 PM,4:39 AM,5:56 AM,5:46 AM,11:38 AM,11:58 AM,12:30 AM,4:19 AM,3:09 AM,4:39 AM
2026-09-20,Kanpur,4:39 AM,5:56 AM,12:02 PM,3:30 PM,3:30 PM,6:08 PM,6:08 PM,6:13 PM,7:25 PM,4:39 AM,5:56 AM,5:46 AM,11:37 AM,11:57 AM,12:30 AM,4:19 AM,3:09 AM,4:39 AM
2026-09-21,Kanpur,4:39 AM,5:57 AM,12:02 PM,3:30 PM,3:30 PM,6:07 PM,6:07 PM,6:12 PM,7:24 PM,4:40 AM,5:57 AM,5:47 AM,11:37 AM,11:57 AM,12:30 AM,4:19 AM,3:09 AM,4:39 AM
2026-09-22,Kanpur,4:40 AM,5:57 AM,12:01 PM,3:29 PM,3:29 PM,6:05 PM,6:05 PM,6:10 PM,7:23 PM,4:40 AM,5:57 AM,5:47 AM,11:36 AM,11:56 AM,12:30 AM,4:20 AM,3:10 AM,4:40 AM
2026-09-23,Kanpur,4:40 AM,5:57 AM,12:01 PM,3:28 PM,3:28 PM,6:04 PM,6:04 PM,6:09 PM,7:21 PM,4:41 AM,5:57 AM,5:47 AM,11:36 AM,11:56 AM,12:30 AM,4:20 AM,3:10 AM,4:40 AM
2026-09-24,Kanpur,4:41 AM,5:58 AM,12:01 PM,3:28 PM,3:28 PM,6:03 PM,6:03 PM,6:08 PM,7:20 PM,4:41 AM,5:58 AM,5:48 AM,11:36 AM,11:56 AM,12:30 AM,4:21 AM,3:11 AM,4:41 AM
2026-09-25,Kanpur,4:41 AM,5:58 AM,12:00 PM,3:27 PM,3:27 PM,6:02 PM,6:02 PM,6:07 PM,7:19 PM,4:42 AM,5:58 AM,5:48 AM,11:35 AM,11:55 AM,12:30 AM,4:21 AM,3:11 AM,4:41 AM
2026-09-26,Kanpur,4:42 AM,5:59 AM,12:00 PM,3:27 PM,3:27 PM,6:01 PM,6:01 PM,6:06 PM,7:18 PM,4:42 AM,5:59 AM,5:49 AM,11:35 AM,11:55 AM,12:30 AM,4:22 AM,3:12 AM,4:42 AM
2026-09-27,Kanpur,4:42 AM,5:59 AM,12:00 PM,3:26 PM,3:26 PM,6:00 PM,6:00 PM,6:05 PM,7:17 PM,4:43 AM,5:59 AM,5:49 AM,11:35 AM,11:55 AM,12:30 AM,4:22 AM,3:12 AM,4:42 AM
2026-09-28,Kanpur,4:43 AM,6:00 AM,11:59 AM,3:25 PM,3:25 PM,5:59 PM,5:59 PM,6:04 PM,7:16 PM,4:43 AM,6:00 AM,5:50 AM,11:34 AM,11:54 AM,12:30 AM,4:23 AM,3:13 AM,4:43 AM
2026-09-29,Kanpur,4:43 AM,6:00 AM,11:59 AM,3:25 PM,3:25 PM,5:58 PM,5:58 PM,6:03 PM,7:14 PM,4:44 AM,6:00 AM,5:50 AM,11:34 AM,11:54 AM,12:30 AM,4:23 AM,3:13 AM,4:43 AM
2026-09-30,Kanpur,4:44 AM,6:01 AM,11:59 AM,3:24 PM,3:24 PM,5:57 PM,5:57 PM,6:02 PM,7:13 PM,4:44 AM,6:01 AM,5:51 AM,11:34 AM,11:54 AM,12:30 AM,4:24 AM,3:14 AM,4:44 AM
2026-10-01,Kanpur,4:44 AM,6:01 AM,11:58 AM,3:23 PM,3:23 PM,5:55 PM,5:55 PM,6:00 PM,7:12 PM,4:45 AM,6:01 AM,5:51 AM,11:33 AM,11:53 AM,12:30 AM,4:24 AM,3:14 AM,4:44 AM
2026-10-02,Kanpur,4:45 AM,6:01 AM,11:58 AM,3:23 PM,3:23 PM,5:54 PM,5:54 PM,5:59 PM,7:11 PM,4:45 AM,6:01 AM,5:51 AM,11:33 AM,11:53 AM,12:30 AM,4:25 AM,3:15 AM,4:45 AM
2026-10-03,Kanpur,4:45 AM,6:02 AM,11:58 AM,3:22 PM,3:22 PM,5:53 PM,5:53 PM,5:58 PM,7:10 PM,4:46 AM,6:02 AM,5:52 AM,11:33 AM,11:53 AM,12:30 AM,4:25 AM,3:15 AM,4:45 AM
2026-10-04,Kanpur,4:46 AM,6:02 AM,11:57 AM,3:21 PM,3:21 PM,5:52 PM,5:52 PM,5:57 PM,7:09 PM,4:46 AM,6:02 AM,5:52 AM,11:32 AM,11:52 AM,12:30 AM,4:26 AM,3:16 AM,4:46 AM
2026-10-05,Kanpur,4:46 AM,6:03 AM,11:57 AM,3:21 PM,3:21 PM,5:51 PM,5:51 PM,5:56 PM,7:08 PM,4:46 AM,6:03 AM,5:53 AM,11:32 AM,11:52 AM,12:30 AM,4:26 AM,3:16 AM,4:46 AM
2026-10-06,Kanpur,4:46 AM,6:03 AM,11:57 AM,3:20 PM,3:20 PM,5:50 PM,5:50 PM,5:55 PM,7:07 PM,4:47 AM,6:03 AM,5:53 AM,11:32 AM,11:52 AM,12:30 AM,4:26 AM,3:16 AM,4:46 AM
2026-10-07,Kanpur,4:47 AM,6:04 AM,11:57 AM,3:19 PM,3:19 PM,5:49 PM,5:49 PM,5:54 PM,7:06 PM,4:47 AM,6:04 AM,5:54 AM,11:32 AM,11:52 AM,12:30 AM,4:27 AM,3:17 AM,4:47 AM
2026-10-08,Kanpur,4:47 AM,6:04 AM,11:56 AM,3:19 PM,3:19 PM,5:48 PM,5:48 PM,5:53 PM,7:05 PM,4:48 AM,6:04 AM,5:54 AM,11:31 AM,11:51 AM,12:30 AM,4:27 AM,3:17 AM,4:47 AM
2026-10-09,Kanpur,4:48 AM,6:05 AM,11:56 AM,3:18 PM,3:18 PM,5:47 PM,5:47 PM,5:52 PM,7:04 PM,4:48 AM,6:05 AM,5:55 AM,11:31 AM,11:51 AM,12:30 AM,4:28 AM,3:18 AM,4:48 AM
2026-10-10,Kanpur,4:48 AM,6:05 AM,11:56 AM,3:17 PM,3:17 PM,5:46 PM,5:46 PM,5:51 PM,7:03 PM,4:49 AM,6:05 AM,5:55 AM,11:31 AM,11:51 AM,12:30 AM,4:28 AM,3:18 AM,4:48 AM
2026-10-11,Kanpur,4:49 AM,6:06 AM,11:55 AM,3:17 PM,3:17 PM,5:45 PM,5:45 PM,5:50 PM,7:02 PM,4:49 AM,6:06 AM,5:56 AM,11:30 AM,11:50 AM,12:30 AM,4:29 AM,3:19 AM,4:49 AM
2026-10-12,Kanpur,4:49 AM,6:06 AM,11:55 AM,3:16 PM,3:16 PM,5:44 PM,5:44 PM,5:49 PM,7:01 PM,4:50 AM,6:06 AM,5:56 AM,11:30 AM,11:50 AM,12:30 AM,4:29 AM,3:19 AM,4:49 AM
2026-10-13,Kanpur,4:50 AM,6:07 AM,11:55 AM,3:15 PM,3:15 PM,5:43 PM,5:43 PM,5:48 PM,7:00 PM,4:50 AM,6:07 AM,5:57 AM,11:30 AM,11:50 AM,12:30 AM,4:30 AM,3:20 AM,4:50 AM
2026-10-14,Kanpur,4:50 AM,6:07 AM,11:55 AM,3:15 PM,3:15 PM,5:42 PM,5:42 PM,5:47 PM,6:59 PM,4:51 AM,6:07 AM,5:57 AM,11:30 AM,11:50 AM,12:30 AM,4:30 AM,3:20 AM,4:50 AM
2026-10-15,Kanpur,4:51 AM,6:08 AM,11:54 AM,3:14 PM,3:14 PM,5:41 PM,5:41 PM,5:46 PM,6:58 PM,4:51 AM,6:08 AM,5:58 AM,11:29 AM,11:49 AM,12:30 AM,4:31 AM,3:21 AM,4:51 AM
2026-10-16,Kanpur,4:51 AM,6:08 AM,11:54 AM,3:13 PM,3:13 PM,5:40 PM,5:40 PM,5:45 PM,6:57 PM,4:52 AM,6:08 AM,5:58 AM,11:29 AM,11:49 AM,12:30 AM,4:31 AM,3:21 AM,4:51 AM
2026-10-17,Kanpur,4:52 AM,6:09 AM,11:54 AM,3:13 PM,3:13 PM,5:39 PM,5:39 PM,5:44 PM,6:56 PM,4:52 AM,6:09 AM,5:59 AM,11:29 AM,11:49 AM,12:30 AM,4:32 AM,3:22 AM,4:52 AM
2026-10-18,Kanpur,4:52 AM,6:09 AM,11:54 AM,3:12 PM,3:12 PM,5:38 PM,5:38 PM,5:43 PM,6:55 PM,4:53 AM,6:09 AM,5:59 AM,11:29 AM,11:49 AM,12:30 AM,4:32 AM,3:22 AM,4:52 AM
2026-10-19,Kanpur,4:53 AM,6:10 AM,11:54 AM,3:11 PM,3:11 PM,5:37 PM,5:37 PM,5:42 PM,6:54 PM,4:53 AM,6:10 AM,6:00 AM,11:29 AM,11:49 AM,12:30 AM,4:33 AM,3:23 AM,4:53 AM
2026-10-20,Kanpur,4:53 AM,6:10 AM,11:53 AM,3:11 PM,3:11 PM,5:36 PM,5:36 PM,5:41 PM,6:54 PM,4:54 AM,6:10 AM,6:00 AM,11:28 AM,11:48 AM,12:30 AM,4:33 AM,3:23 AM,4:53 AM
2026-10-21,Kanpur,4:54 AM,6:11 AM,11:53 AM,3:10 PM,3:10 PM,5:35 PM,5:35 PM,5:40 PM,6:53 PM,4:54 AM,6:11 AM,6:01 AM,11:28 AM,11:48 AM,12:30 AM,4:34 AM,3:24 AM,4:54 AM
2026-10-22,Kanpur,4:54 AM,6:12 AM,11:53 AM,3:09 PM,3:09 PM,5:34 PM,5:34 PM,5:39 PM,6:52 PM,4:55 AM,6:12 AM,6:02 AM,11:28 AM,11:48 AM,12:30 AM,4:34 AM,3:24 AM,4:54 AM
2026-10-23,Kanpur,4:55 AM,6:12 AM,11:53 AM,3:09 PM,3:09 PM,5:34 PM,5:34 PM,5:39 PM,6:51 PM,4:55 AM,6:12 AM,6:02 AM,11:28 AM,11:48 AM,12:30 AM,4:35 AM,3:25 AM,4:55 AM
2026-10-24,Kanpur,4:55 AM,6:13 AM,11:53 AM,3:08 PM,3:08 PM,5:33 PM,5:33 PM,5:38 PM,6:50 PM,4:56 AM,6:13 AM,6:03 AM,11:28 AM,11:48 AM,12:30 AM,4:35 AM,3:25 AM,4:55 AM
2026-10-25,Kanpur,4:56 AM,6:13 AM,11:53 AM,3:08 PM,3:08 PM,5:32 PM,5:32 PM,5:37 PM,6:50 PM,4:56 AM,6:13 AM,6:03 AM,11:28 AM,11:48 AM,12:30 AM,4:36 AM,3:26 AM,4:56 AM
2026-10-26,Kanpur,4:56 AM,6:14 AM,11:53 AM,3:07 PM,3:07 PM,5:31 PM,5:31 PM,5:36 PM,6:49 PM,4:57 AM,6:14 AM,6:04 AM,11:28 AM,11:48 AM,12:30 AM,4:36 AM,3:26 AM,4:56 AM
2026-10-27,Kanpur,4:57 AM,6:15 AM,11:53 AM,3:06 PM,3:06 PM,5:30 PM,5:30 PM,5:35 PM,6:48 PM,4:57 AM,6:15 AM,6:05 AM,11:28 AM,11:48 AM,12:30 AM,4:37 AM,3:27 AM,4:57 AM
2026-10-28,Kanpur,4:57 AM,6:15 AM,11:52 AM,3:06 PM,3:06 PM,5:29 PM,5:29 PM,5:34 PM,6:47 PM,4:58 AM,6:15 AM,6:05 AM,11:27 AM,11:47 AM,12:30 AM,4:37 AM,3:27 AM,4:57 AM
2026-10-29,Kanpur,4:58 AM,6:16 AM,11:52 AM,3:05 PM,3:05 PM,5:29 PM,5:29 PM,5:34 PM,6:47 PM,4:58 AM,6:16 AM,6:06 AM,11:27 AM,11:47 AM,12:30 AM,4:38 AM,3:28 AM,4:58 AM
2026-10-30,Kanpur,4:58 AM,6:16 AM,11:52 AM,3:05 PM,3:05 PM,5:28 PM,5:28 PM,5:33 PM,6:46 PM,4:59 AM,6:16 AM,6:06 AM,11:27 AM,11:47 AM,12:30 AM,4:38 AM,3:28 AM,4:58 AM
2026-10-31,Kanpur,4:59 AM,6:17 AM,11:52 AM,3:04 PM,3:04 PM,5:27 PM,5:27 PM,5:32 PM,6:45 PM,4:59 AM,6:17 AM,6:07 AM,11:27 AM,11:47 AM,12:30 AM,4:39 AM,3:29 AM,4:59 AM
2026-11-01,Kanpur,4:59 AM,6:18 AM,11:52 AM,3:04 PM,3:04 PM,5:26 PM,5:26 PM,5:31 PM,6:45 PM,5:00 AM,6:18 AM,6:08 AM,11:27 AM,11:47 AM,12:30 AM,4:39 AM,3:29 AM,4:59 AM
2026-11-02,Kanpur,5:00 AM,6:18 AM,11:52 AM,3:03 PM,3:03 PM,5:26 PM,5:26 PM,5:31 PM,6:44 PM,5:00 AM,6:18 AM,6:08 AM,11:27 AM,11:47 AM,12:30 AM,4:40 AM,3:30 AM,5:00 AM
2026-11-03,Kanpur,5:00 AM,6:19 AM,11:52 AM,3:03 PM,3:03 PM,5:25 PM,5:25 PM,5:30 PM,6:44 PM,5:01 AM,6:19 AM,6:09 AM,11:27 AM,11:47 AM,12:30 AM,4:40 AM,3:30 AM,5:00 AM
2026-11-04,Kanpur,5:01 AM,6:20 AM,11:52 AM,3:02 PM,3:02 PM,5:24 PM,5:24 PM,5:29 PM,6:43 PM,5:02 AM,6:20 AM,6:10 AM,11:27 AM,11:47 AM,12:30 AM,4:41 AM,3:31 AM,5:01 AM
2026-11-05,Kanpur,5:02 AM,6:20 AM,11:52 AM,3:02 PM,3:02 PM,5:24 PM,5:24 PM,5:29 PM,6:43 PM,5:02 AM,6:20 AM,6:10 AM,11:27 AM,11:47 AM,12:30 AM,4:42 AM,3:32 AM,5:02 AM
2026-11-06,Kanpur,5:02 AM,6:21 AM,11:52 AM,3:01 PM,3:01 PM,5:23 PM,5:23 PM,5:28 PM,6:42 PM,5:03 AM,6:21 AM,6:11 AM,11:27 AM,11:47 AM,12:30 AM,4:42 AM,3:32 AM,5:02 AM
2026-11-07,Kanpur,5:03 AM,6:22 AM,11:52 AM,3:01 PM,3:01 PM,5:23 PM,5:23 PM,5:28 PM,6:42 PM,5:03 AM,6:22 AM,6:12 AM,11:27 AM,11:47 AM,12:30 AM,4:43 AM,3:33 AM,5:03 AM
2026-11-08,Kanpur,5:03 AM,6:22 AM,11:52 AM,3:01 PM,3:01 PM,5:22 PM,5:22 PM,5:27 PM,6:41 PM,5:04 AM,6:22 AM,6:12 AM,11:27 AM,11:47 AM,12:30 AM,4:43 AM,3:33 AM,5:03 AM
2026-11-09,Kanpur,5:04 AM,6:23 AM,11:52 AM,3:00 PM,3:00 PM,5:22 PM,5:22 PM,5:27 PM,6:41 PM,5:04 AM,6:23 AM,6:13 AM,11:27 AM,11:47 AM,12:30 AM,4:44 AM,3:34 AM,5:04 AM
2026-11-10,Kanpur,5:04 AM,6:24 AM,11:53 AM,3:00 PM,3:00 PM,5:21 PM,5:21 PM,5:26 PM,6:40 PM,5:05 AM,6:24 AM,6:14 AM,11:28 AM,11:48 AM,12:30 AM,4:44 AM,3:34 AM,5:04 AM
2026-11-11,Kanpur,5:05 AM,6:24 AM,11:53 AM,2:59 PM,2:59 PM,5:21 PM,5:21 PM,5:26 PM,6:40 PM,5:06 AM,6:24 AM,6:14 AM,11:28 AM,11:48 AM,12:30 AM,4:45 AM,3:35 AM,5:05 AM
2026-11-12,Kanpur,5:06 AM,6:25 AM,11:53 AM,2:59 PM,2:59 PM,5:20 PM,5:20 PM,5:25 PM,6:40 PM,5:06 AM,6:25 AM,6:15 AM,11:28 AM,11:48 AM,12:30 AM,4:46 AM,3:36 AM,5:06 AM
2026-11-13,Kanpur,5:06 AM,6:26 AM,11:53 AM,2:59 PM,2:59 PM,5:20 PM,5:20 PM,5:25 PM,6:39 PM,5:07 AM,6:26 AM,6:16 AM,11:28 AM,11:48 AM,12:30 AM,4:46 AM,3:36 AM,5:06 AM
2026-11-14,Kanpur,5:07 AM,6:27 AM,11:53 AM,2:58 PM,2:58 PM,5:19 PM,5:19 PM,5:24 PM,6:39 PM,5:07 AM,6:27 AM,6:17 AM,11:28 AM,11:48 AM,12:30 AM,4:47 AM,3:37 AM,5:07 AM
2026-11-15,Kanpur,5:07 AM,6:27 AM,11:53 AM,2:58 PM,2:58 PM,5:19 PM,5:19 PM,5:24 PM,6:39 PM,5:08 AM,6:27 AM,6:17 AM,11:28 AM,11:48 AM,12:30 AM,4:47 AM,3:37 AM,5:07 AM
2026-11-16,Kanpur,5:08 AM,6:28 AM,11:53 AM,2:58 PM,2:58 PM,5:18 PM,5:18 PM,5:23 PM,6:38 PM,5:09 AM,6:28 AM,6:18 AM,11:28 AM,11:48 AM,12:30 AM,4:48 AM,3:38 AM,5:08 AM
2026-11-17,Kanpur,5:09 AM,6:29 AM,11:54 AM,2:58 PM,2:58 PM,5:18 PM,5:18 PM,5:23 PM,6:38 PM,5:09 AM,6:29 AM,6:19 AM,11:29 AM,11:49 AM,12:30 AM,4:49 AM,3:39 AM,5:09 AM
2026-11-18,Kanpur,5:09 AM,6:30 AM,11:54 AM,2:57 PM,2:57 PM,5:18 PM,5:18 PM,5:23 PM,6:38 PM,5:10 AM,6:30 AM,6:20 AM,11:29 AM,11:49 AM,12:30 AM,4:49 AM,3:39 AM,5:09 AM
2026-11-19,Kanpur,5:10 AM,6:30 AM,11:54 AM,2:57 PM,2:57 PM,5:17 PM,5:17 PM,5:22 PM,6:38 PM,5:11 AM,6:30 AM,6:20 AM,11:29 AM,11:49 AM,12:30 AM,4:50 AM,3:40 AM,5:10 AM
2026-11-20,Kanpur,5:11 AM,6:31 AM,11:54 AM,2:57 PM,2:57 PM,5:17 PM,5:17 PM,5:22 PM,6:38 PM,5:11 AM,6:31 AM,6:21 AM,11:29 AM,11:49 AM,12:30 AM,4:51 AM,3:41 AM,5:11 AM
2026-11-21,Kanpur,5:11 AM,6:32 AM,11:54 AM,2:57 PM,2:57 PM,5:17 PM,5:17 PM,5:22 PM,6:38 PM,5:12 AM,6:32 AM,6:22 AM,11:29 AM,11:49 AM,12:30 AM,4:51 AM,3:41 AM,5:11 AM
2026-11-22,Kanpur,5:12 AM,6:33 AM,11:55 AM,2:57 PM,2:57 PM,5:17 PM,5:17 PM,5:22 PM,6:37 PM,5:12 AM,6:33 AM,6:23 AM,11:30 AM,11:50 AM,12:30 AM,4:52 AM,3:42 AM,5:12 AM
2026-11-23,Kanpur,5:12 AM,6:33 AM,11:55 AM,2:57 PM,2:57 PM,5:16 PM,5:16 PM,5:21 PM,6:37 PM,5:13 AM,6:33 AM,6:23 AM,11:30 AM,11:50 AM,12:30 AM,4:52 AM,3:42 AM,5:12 AM
2026-11-24,Kanpur,5:13 AM,6:34 AM,11:55 AM,2:57 PM,2:57 PM,5:16 PM,5:16 PM,5:21 PM,6:37 PM,5:14 AM,6:34 AM,6:24 AM,11:30 AM,11:50 AM,12:30 AM,4:53 AM,3:43 AM,5:13 AM
2026-11-25,Kanpur,5:14 AM,6:35 AM,11:56 AM,2:56 PM,2:56 PM,5:16 PM,5:16 PM,5:21 PM,6:37 PM,5:14 AM,6:35 AM,6:25 AM,11:31 AM,11:51 AM,12:30 AM,4:54 AM,3:44 AM,5:14 AM
2026-11-26,Kanpur,5:14 AM,6:36 AM,11:56 AM,2:56 PM,2:56 PM,5:16 PM,5:16 PM,5:21 PM,6:37 PM,5:15 AM,6:36 AM,6:26 AM,11:31 AM,11:51 AM,12:30 AM,4:54 AM,3:44 AM,5:14 AM
2026-11-27,Kanpur,5:15 AM,6:36 AM,11:56 AM,2:56 PM,2:56 PM,5:16 PM,5:16 PM,5:21 PM,6:37 PM,5:16 AM,6:36 AM,6:26 AM,11:31 AM,11:51 AM,12:30 AM,4:55 AM,3:45 AM,5:15 AM
2026-11-28,Kanpur,5:16 AM,6:37 AM,11:57 AM,2:56 PM,2:56 PM,5:16 PM,5:16 PM,5:21 PM,6:37 PM,5:16 AM,6:37 AM,6:27 AM,11:32 AM,11:52 AM,12:30 AM,4:56 AM,3:46 AM,5:16 AM
2026-11-29,Kanpur,5:16 AM,6:38 AM,11:57 AM,2:56 PM,2:56 PM,5:16 PM,5:16 PM,5:21 PM,6:37 PM,5:17 AM,6:38 AM,6:28 AM,11:32 AM,11:52 AM,12:30 AM,4:56 AM,3:46 AM,5:16 AM
2026-11-30,Kanpur,5:17 AM,6:39 AM,11:57 AM,2:56 PM,2:56 PM,5:16 PM,5:16 PM,5:21 PM,6:37 PM,5:18 AM,6:39 AM,6:29 AM,11:32 AM,11:52 AM,12:30 AM,4:57 AM,3:47 AM,5:17 AM
2026-12-01,Kanpur,5:18 AM,6:39 AM,11:58 AM,2:56 PM,2:56 PM,5:16 PM,5:16 PM,5:21 PM,6:37 PM,5:18 AM,6:39 AM,6:29 AM,11:33 AM,11:53 AM,12:30 AM,4:58 AM,3:48 AM,5:18 AM
2026-12-02,Kanpur,5:18 AM,6:40 AM,11:58 AM,2:56 PM,2:56 PM,5:16 PM,5:16 PM,5:21 PM,6:38 PM,5:19 AM,6:40 AM,6:30 AM,11:33 AM,11:53 AM,12:30 AM,4:58 AM,3:48 AM,5:18 AM
2026-12-03,Kanpur,5:19 AM,6:41 AM,11:58 AM,2:57 PM,2:57 PM,5:16 PM,5:16 PM,5:21 PM,6:38 PM,5:20 AM,6:41 AM,6:31 AM,11:33 AM,11:53 AM,12:30 AM,4:59 AM,3:49 AM,5:19 AM
2026-12-04,Kanpur,5:20 AM,6:41 AM,11:59 AM,2:57 PM,2:57 PM,5:16 PM,5:16 PM,5:21 PM,6:38 PM,5:20 AM,6:41 AM,6:31 AM,11:34 AM,11:54 AM,12:30 AM,5:00 AM,3:50 AM,5:20 AM
2026-12-05,Kanpur,5:20 AM,6:42 AM,11:59 AM,2:57 PM,2:57 PM,5:16 PM,5:16 PM,5:21 PM,6:38 PM,5:21 AM,6:42 AM,6:32 AM,11:34 AM,11:54 AM,12:30 AM,5:00 AM,3:50 AM,5:20 AM
2026-12-06,Kanpur,5:21 AM,6:43 AM,12:00 PM,2:57 PM,2:57 PM,5:16 PM,5:16 PM,5:21 PM,6:38 PM,5:21 AM,6:43 AM,6:33 AM,11:35 AM,11:55 AM,12:30 AM,5:01 AM,3:51 AM,5:21 AM
2026-12-07,Kanpur,5:21 AM,6:44 AM,12:00 PM,2:57 PM,2:57 PM,5:16 PM,5:16 PM,5:21 PM,6:38 PM,5:22 AM,6:44 AM,6:34 AM,11:35 AM,11:55 AM,12:30 AM,5:01 AM,3:51 AM,5:21 AM
2026-12-08,Kanpur,5:22 AM,6:44 AM,12:00 PM,2:57 PM,2:57 PM,5:17 PM,5:17 PM,5:22 PM,6:39 PM,5:23 AM,6:44 AM,6:34 AM,11:35 AM,11:55 AM,12:30 AM,5:02 AM,3:52 AM,5:22 AM
2026-12-09,Kanpur,5:23 AM,6:45 AM,12:01 PM,2:58 PM,2:58 PM,5:17 PM,5:17 PM,5:22 PM,6:39 PM,5:23 AM,6:45 AM,6:35 AM,11:36 AM,11:56 AM,12:30 AM,5:03 AM,3:53 AM,5:23 AM
2026-12-10,Kanpur,5:23 AM,6:46 AM,12:01 PM,2:58 PM,2:58 PM,5:17 PM,5:17 PM,5:22 PM,6:39 PM,5:24 AM,6:46 AM,6:36 AM,11:36 AM,11:56 AM,12:30 AM,5:03 AM,3:53 AM,5:23 AM
2026-12-11,Kanpur,5:24 AM,6:46 AM,12:02 PM,2:58 PM,2:58 PM,5:17 PM,5:17 PM,5:22 PM,6:40 PM,5:25 AM,6:46 AM,6:36 AM,11:37 AM,11:57 AM,12:30 AM,5:04 AM,3:54 AM,5:24 AM
2026-12-12,Kanpur,5:25 AM,6:47 AM,12:02 PM,2:58 PM,2:58 PM,5:18 PM,5:18 PM,5:23 PM,6:40 PM,5:25 AM,6:47 AM,6:37 AM,11:37 AM,11:57 AM,12:30 AM,5:05 AM,3:55 AM,5:25 AM
2026-12-13,Kanpur,5:25 AM,6:48 AM,12:03 PM,2:59 PM,2:59 PM,5:18 PM,5:18 PM,5:23 PM,6:40 PM,5:26 AM,6:48 AM,6:38 AM,11:38 AM,11:58 AM,12:30 AM,5:05 AM,3:55 AM,5:25 AM
2026-12-14,Kanpur,5:26 AM,6:48 AM,12:03 PM,2:59 PM,2:59 PM,5:18 PM,5:18 PM,5:23 PM,6:41 PM,5:26 AM,6:48 AM,6:38 AM,11:38 AM,11:58 AM,12:30 AM,5:06 AM,3:56 AM,5:26 AM
2026-12-15,Kanpur,5:26 AM,6:49 AM,12:04 PM,2:59 PM,2:59 PM,5:19 PM,5:19 PM,5:24 PM,6:41 PM,5:27 AM,6:49 AM,6:39 AM,11:39 AM,11:59 AM,12:30 AM,5:06 AM,3:56 AM,5:26 AM
2026-12-16,Kanpur,5:27 AM,6:49 AM,12:04 PM,3:00 PM,3:00 PM,5:19 PM,5:19 PM,5:24 PM,6:41 PM,5:27 AM,6:49 AM,6:39 AM,11:39 AM,11:59 AM,12:30 AM,5:07 AM,3:57 AM,5:27 AM
2026-12-17,Kanpur,5:27 AM,6:50 AM,12:05 PM,3:00 PM,3:00 PM,5:19 PM,5:19 PM,5:24 PM,6:42 PM,5:28 AM,6:50 AM,6:40 AM,11:40 AM,12:00 PM,12:30 AM,5:07 AM,3:57 AM,5:27 AM
2026-12-18,Kanpur,5:28 AM,6:51 AM,12:05 PM,3:00 PM,3:00 PM,5:20 PM,5:20 PM,5:25 PM,6:42 PM,5:28 AM,6:51 AM,6:41 AM,11:40 AM,12:00 PM,12:30 AM,5:08 AM,3:58 AM,5:28 AM
2026-12-19,Kanpur,5:28 AM,6:51 AM,12:06 PM,3:01 PM,3:01 PM,5:20 PM,5:20 PM,5:25 PM,6:43 PM,5:29 AM,6:51 AM,6:41 AM,11:41 AM,12:01 PM,12:30 AM,5:08 AM,3:58 AM,5:28 AM
2026-12-20,Kanpur,5:29 AM,6:52 AM,12:06 PM,3:01 PM,3:01 PM,5:21 PM,5:21 PM,5:26 PM,6:43 PM,5:30 AM,6:52 AM,6:42 AM,11:41 AM,12:01 PM,12:30 AM,5:09 AM,3:59 AM,5:29 AM
2026-12-21,Kanpur,5:30 AM,6:52 AM,12:07 PM,3:02 PM,3:02 PM,5:21 PM,5:21 PM,5:26 PM,6:44 PM,5:30 AM,6:52 AM,6:42 AM,11:42 AM,12:02 PM,12:30 AM,5:10 AM,4:00 AM,5:30 AM
2026-12-22,Kanpur,5:30 AM,6:53 AM,12:07 PM,3:02 PM,3:02 PM,5:22 PM,5:22 PM,5:27 PM,6:44 PM,5:31 AM,6:53 AM,6:43 AM,11:42 AM,12:02 PM,12:30 AM,5:10 AM,4:00 AM,5:30 AM
2026-12-23,Kanpur,5:31 AM,6:53 AM,12:08 PM,3:03 PM,3:03 PM,5:22 PM,5:22 PM,5:27 PM,6:45 PM,5:31 AM,6:53 AM,6:43 AM,11:43 AM,12:03 PM,12:30 AM,5:11 AM,4:01 AM,5:31 AM
2026-12-24,Kanpur,5:31 AM,6:54 AM,12:08 PM,3:03 PM,3:03 PM,5:23 PM,5:23 PM,5:28 PM,6:45 PM,5:31 AM,6:54 AM,6:44 AM,11:43 AM,12:03 PM,12:30 AM,5:11 AM,4:01 AM,5:31 AM
2026-12-25,Kanpur,5:31 AM,6:54 AM,12:09 PM,3:04 PM,3:04 PM,5:23 PM,5:23 PM,5:28 PM,6:46 PM,5:32 AM,6:54 AM,6:44 AM,11:44 AM,12:04 PM,12:30 AM,5:11 AM,4:01 AM,5:31 AM
2026-12-26,Kanpur,5:32 AM,6:54 AM,12:09 PM,3:04 PM,3:04 PM,5:24 PM,5:24 PM,5:29 PM,6:46 PM,5:32 AM,6:54 AM,6:44 AM,11:44 AM,12:04 PM,12:30 AM,5:12 AM,4:02 AM,5:32 AM
2026-12-27,Kanpur,5:32 AM,6:55 AM,12:10 PM,3:05 PM,3:05 PM,5:24 PM,5:24 PM,5:29 PM,6:47 PM,5:33 AM,6:55 AM,6:45 AM,11:45 AM,12:05 PM,12:30 AM,5:12 AM,4:02 AM,5:32 AM
2026-12-28,Kanpur,5:33 AM,6:55 AM,12:10 PM,3:05 PM,3:05 PM,5:25 PM,5:25 PM,5:30 PM,6:47 PM,5:33 AM,6:55 AM,6:45 AM,11:45 AM,12:05 PM,12:30 AM,5:13 AM,4:03 AM,5:33 AM
2026-12-29,Kanpur,5:33 AM,6:56 AM,12:11 PM,3:06 PM,3:06 PM,5:26 PM,5:26 PM,5:31 PM,6:48 PM,5:34 AM,6:56 AM,6:46 AM,11:46 AM,12:06 PM,12:30 AM,5:13 AM,4:03 AM,5:33 AM
2026-12-30,Kanpur,5:34 AM,6:56 AM,12:11 PM,3:07 PM,3:07 PM,5:26 PM,5:26 PM,5:31 PM,6:49 PM,5:34 AM,6:56 AM,6:46 AM,11:46 AM,12:06 PM,12:30 AM,5:14 AM,4:04 AM,5:34 AM
2026-12-31,Kanpur,5:34 AM,6:56 AM,12:12 PM,3:07 PM,3:07 PM,5:27 PM,5:27 PM,5:32 PM,6:49 PM,5:34 AM,6:56 AM,6:46 AM,11:47 AM,12:07 PM,12:30 AM,5:14 AM,4:04 AM,5:34 AM
